id,category,feature,description,status,surface,taskyon_compat,implementation,verification,milestone,source,notes,target_release
catalog-schema,meta,System definition schema,"The repository shall maintain this catalog as the canonical record of Constellation requirements, ownership, implementation evidence, verification, milestones, release scope, sources, and known limitations.",implemented,docs,local,SYSTEM_DEFINITION.csv,Manual structural review of the catalog header and populated requirement rows,foundation,Taskyon:SYSTEM_DEFINITION.csv;Syncpeer:SYSTEM_DEFINITION.csv,"The schema preserves the common Taskyon and Syncpeer columns and adds Taskyon compatibility, milestone, and target-release tracking. This is a catalog policy rather than application behavior, so it is implemented without a regression-test claim.",0.1
catalog-evidence,meta,Status and regression-test coverage,"Status shall distinguish unmet requirements (`planned`), implemented requirements without maintained regression tests (`implemented`), and implemented requirements with focused regression tests in the regular test workflow (`tracked`).",implemented,docs,local,AGENTS.md;SYSTEM_DEFINITION.csv;package.json;.github/workflows/ci.yml,Manual review of the status definitions and the 2026-09-29 0.1 status audit,foundation,Constellation product decisions;Taskyon:AGENTS.md;Syncpeer:AGENTS.md,"The verification field names the focused regression test and regular runner for tracked rows. One-off manual, Playwright-only, emulator-only, build-only, or live-service checks remain useful evidence but do not by themselves qualify a row as tracked. Implemented rows record code or policy evidence without claiming maintained regression coverage. Transient pass/fail outcomes belong to the test runner rather than this catalog.",0.1
catalog-taskyon-compat,meta,Taskyon compatibility classification,"Every requirement shall classify its relationship to Taskyon as native protocol reuse, layered application behavior, a runtime adapter, or local Constellation behavior.",implemented,docs,native,SYSTEM_DEFINITION.csv,2026-09-29 catalog audit of taskyon_compat classifications,foundation,Taskyon:frontend/public/docs/developer/core-policies.md,"Allowed values are native, layered, adapter, and local. This classification policy is implemented but is not itself regression-tested.",0.1
catalog-milestones,meta,Delivery milestones,"Requirements shall use foundation, web-preview, 0.1, 0.1.1, 0.2, 0.2.1, 0.3, 0.4, post-1.0, or future milestones to express implementation order independently from release scope.",implemented,docs,local,SYSTEM_DEFINITION.csv,Manual structural and release-classification review of the catalog (2026-10-06),foundation,Constellation product decisions,"Target release defines product inclusion; milestone defines implementation order. Release 0.1.1 covers browser QR hardening, peer consent and presentation, source-approved single-recipient access, peer-bound return approval and map decluttering. Release 0.2 adds local co-movement list grouping and pinned public Taskyon dependencies; spaceship peer identicons target 0.2.1. Existing 0.2 Groups/delegation, 0.3 link-management and 0.4 group-cache requirements retain their targets. This planning convention is implemented without an application regression-test claim.",0.1
catalog-release-scope,meta,Target release classification,"Every requirement shall use target_release 0.1, 0.1.1, 0.2, 0.2.1, 0.3, 0.4, post-1.0, or future so delivered behavior and later product scope can be filtered without duplicating the catalog.",implemented,docs,local,SYSTEM_DEFINITION.csv,Manual structural and release-classification review of the catalog (2026-10-06),foundation,Constellation product decisions,"Release 0.1 remains the first usable product and retains its historical implementation and verification evidence. Planned 0.1.1 acceptance is defined in release-0-1-1-product-acceptance; it tightens single-recipient and return approval and adds explicit name consent, one peer list and map decluttering. Local co-movement list groups and direct pinned public Taskyon dependencies target 0.2; Taskyon spaceship identicons target 0.2.1. Existing Groups/delegation remain 0.2, link-management 0.3 and group-cache work 0.4. New acceptance criteria remain planned until implemented and tested.",0.1
release-maturity-ladder,meta,0.x validation and 1.0 promotion,"Release 0.1 shall contain the complete first usable product scope; compatible 0.x releases may harden that scope from field evidence, and the same product shall become 1.0 only after satisfactory real-world browser, Android, relay, privacy, battery, and adverse-network validation.",implemented,all,local,SYSTEM_DEFINITION.csv;README.md,Manual review of release-scope and maturity policy,foundation,Constellation product decisions,"Version 1.0 is a maturity promotion rather than a smaller or separate feature set. Release 0.1 includes the reported field fixes; 0.2 adds general Groups and recipient delegation; 0.3 carries link-management and deferred 0.1.1/1.1 items; group last-known caching moves to 0.4. Sensor, location, share, and transport wire versions evolve independently from product release numbers. This is release policy, not an application regression-test target.",0.1
release-0-1-product-acceptance,meta,Usable 0.1 acceptance,"Release 0.1 shall ship the hosted browser app, an installable Tauri Android app, and installable Linux desktop artifacts consisting of an AppImage and a Flathub-ready Flatpak, and shall let two real people use independently generated links to share live locations across supported clients, scan received links from QR codes, privately offer a timed share-back link to the original source, observe freshness and connected viewers, and stop or revoke access without developer tooling. Own and followed map areas shall use the same zoom-based dot fallback and color; an in-app diagnostic suite shall exercise sharing through real transports with synthetic paired sessions and explicit guided native checks.",planned,all,layered,src-tauri;src/android/backgroundSharing.ts;src/sharing/sharingRuntime.ts;src/views/MapView.vue;docs/RELEASE_0_1_ACCEPTANCE.md;scripts/release-acceptance.mjs,tests/p2p-share.spec.ts desktop local relay;owned-adapter API 29/36 Android/browser return flows and strict two-Android-plus-desktop-browser three-way replay;Android debug APK build;2026-09-29 fresh sandbox AppImage and Flatpak builds;AppImage Xvfb launch smoke;2026-09-29 hosted-relay API 36 Android/browser full flow and Tauri desktop dev preview;2026-10-01 synthetic signed arm64 release build;yarn test:pages local Pages preflight;AppImage payload Xvfb window smoke;yarn licenses:inventory;tests/sharing-diagnostics.spec.ts local-relay browser lifecycle/expiry;docs/RELEASE_0_1_ACCEPTANCE.md external acceptance checklist,0.1,Constellation product decisions,"Browser local-relay sharing, independent links, reload recovery, and an authenticated private return offer have test evidence. The owned Android location adapter passed API 36 one-shot/watch smoke and API 29/36 background-source to browser-viewer location, locked-screen update, private browser-to-Android return offer, process-restart recovery, presence, revocation, and shared-text intake. A strict local-relay replay with two API 36 Android devices and a desktop browser passed all three Star links: each Android peer received both other locations and each source showed two viewers. Force-stopping and relaunching one Android app on an API 36 emulator restored both saved follows and both received locations. This resolves the earlier mixed-viewer acceptance blocker in the tested environment; the strict three-way desktop peer was a browser preview, not packaged Tauri desktop. Separately, a Tauri desktop development viewer received a browser location via the hosted relay and appeared in source presence on 2026-09-29. Simultaneous multi-link continuity under adverse networks and physical-device recovery remain unverified. The owned adapter passed the full managed Android/browser flow on API 29 and API 36; direct native one-shot/watch smoke remains API 36-only. The current AppImage was rebuilt from the locked Nix flake in the sandbox and stayed alive through a 10-second Xvfb launch smoke; the same sandbox produced the current Flatpak bundle. Packaged Flatpak live-sharing and ordinary host-launch integration remain unverified. A managed API 36 Android/browser hosted-relay two-way flow passed on 2026-09-29, though one prior run had a WebView debugger stall after wake. Representative real-network checks belong to the 0.1 release-candidate acceptance; signed release, packaged desktop sharing, physical-device acceptance, final license review and publication remain project work. A TLS mismatch was observed on 2026-09-29; the hosted GitHub Pages app was confirmed working on 2026-10-03. Group invitations/member sharing and recipient re-sharing are deferred to 0.2. Repository-side 0.1 work completed on 2026-10-01: per-link battery/metered network policy with mixed-link emulator acceptance, a local GitHub Pages preflight wired into CI, a full synthetic signed arm64 release build with verified signature and checksum, a dependency license inventory, and a packaged AppImage payload startup smoke. The remaining acceptance is manual/external only: the real production signing identity and physical-device install/upgrade, human-authored final Flathub manifest plus packaged desktop launch with the normal desktop keyring and visual checks, representative real-network/NAT checks, and the two-person cross-client acceptance. The repository owner confirmed the hosted GitHub Pages app is working on 2026-10-03. In-app received-link QR scanning is included in 0.1; a synthetic-camera browser regression exercises decoding and the ordinary preview flow. Android camera permission and physical-device capture still need release acceptance. The return-group approval, one-time share-back, status/history notices and Android creation/status fixes are required for 0.1. The in-app diagnostic suite automates synthetic two-device sharing over real networks; guided native cases do not replace physical-device acceptance. Basic signed install/upgrade, QR capture, packaged desktop and representative-network checks remain 0.1 release acceptance; the full long-running vendor Android matrix is the separate 1.0 maturity gate.",0.1
project-license,meta,MIT license,Constellation shall be distributed under the MIT License with copyright held by Xyntopia.,implemented,docs,local,LICENSE;package.json;src-tauri/Cargo.toml;src-tauri/plugins/constellation-android/Cargo.toml;THIRD_PARTY_NOTICES.md;scripts/license-inventory.mjs;scripts/artifact-license-inventory.mjs,"LICENSE text;package metadata;scripts/license-inventory.test.mjs;scripts/artifact-license-inventory.test.mjs;yarn licenses:inventory (2026-10-01: 245 JavaScript production packages on x86_64, two MPL-2.0 including the installed optional node-datachannel binary; 504 Cargo packages with five MPL-2.0 and no unknown licenses);yarn licenses:inventory (2026-10-04: 244 JavaScript production packages, 242 permissive and two MPL-2.0; 504 Cargo packages, 499 permissive and five MPL-2.0);scripts/artifact-license-inventory.test.mjs strict fail-closed coverage;prior artifact triage: APK entries and 191 AppImage libraries classified with no unclassified bundled library",foundation,Constellation product decisions,"The MIT license applies to Constellation source and metadata. Taskyon snapshots and map/software dependencies retain separate notices; the Linux secret-service crate is MIT OR Apache-2.0. scripts/license-inventory.mjs resolves installed package roots directly, so exports that hide package.json no longer drop dependencies: on 2026-10-01 it found 245 JavaScript production packages on x86_64 (243 permissive; node-datachannel and its installed @node-datachannel/linux-x64-gnu optional binary are MPL-2.0 but Node-only and not bundled in the app artifacts) and 504 Cargo packages (499 permissive, five MPL-2.0: cssparser, cssparser-macros, dtoa-short, option-ext, selectors). The 2026-10-04 inventory found 244 JavaScript production packages (242 permissive, the same two MPL-2.0 Node-only packages) and 504 Cargo packages (499 permissive, the same five MPL-2.0 packages). r-efi lists MIT OR Apache-2.0 OR LGPL-2.1-or-later and can be used under the permissive alternatives. scripts/artifact-license-inventory.mjs inspects the Android APK entries and the extracted AppImage payload; the AppImage bundles the GTK/WebKitGTK stack (191 libraries, mostly LGPL-2.1-or-later) and the APK ships AndroidX/Kotlin with META-INF notices. This remains a triage, not a legal opinion: full license texts, LGPL source-offer/relinking conditions, Android/Gradle and Flatpak runtime notices, and final publication review remain human gates.",0.1
taskyon-package-boundary,dependencies,Taskyon package boundary,"Constellation shall consume Taskyon-owned package boundaries for shared protocol and P2P capabilities through released versions, complete provenance-recorded vendored snapshots, or reproducible commit-pinned public upstream subpackages; Constellation-owned location behavior shall remain local and the repository shall never import sibling source paths or build artifacts.",tracked,all,native,vendor/taskyon/protocol;vendor/taskyon/p2p-core;vendor/taskyon/UPSTREAM.md;package.json;scripts/package-boundary.test.mjs,yarn test:vendor;yarn build;scripts/package-boundary.test.mjs (.github/workflows/ci.yml quality),foundation,Taskyon:frontend/policies/package-and-configuration.md,"Release 0.1 uses complete provenance-recorded snapshots of @taskyon/protocol, @taskyon/p2p-core and @taskyon/diagnostics as workspace packages. Generic changes are made in Taskyon first and synchronized; released package dependencies replace these snapshots later. The p2p-core snapshot includes a real local-relay reservation expiry regression and typed reservation lifetime configuration; stopping the relay clears AutoNAT polling. scripts/package-boundary.test.mjs scans application, script, and test imports to keep Taskyon imports on the published package names, reject sibling, absolute, vendored-source, and repository build-artifact paths, and require matching upstream provenance and package manifests. Planned 0.2 upstream-public-taskyon-dependencies replaces copied snapshots with independently consumable subpackages from the public Taskyon GitHub repository; upstream fixes and exact source revisions must be pushed there before Constellation pins them. Existing snapshot evidence does not verify that future dependency strategy.",0.1
taskyon-config-package,dependencies,Shared development configuration,"Constellation shall use pinned Taskyon-owned TypeScript, ESLint, Prettier, and Vite configuration through a supported shared package.",planned,build,native,eslint.config.js;.prettierrc.json;.prettierignore;tsconfig.json;vite.config.ts;package.json;.github/workflows/ci.yml;scripts/browser-environment.mjs;scripts/browser-environment.d.mts;scripts/build-flatpak.sh,corepack yarn format:check;yarn lint;yarn test;yarn test:android:config;yarn build;scripts/browser-environment.test.mjs,future,Taskyon:frontend/package.json;Taskyon:frontend/eslint.config.js;Constellation CI quality job,"Deferred beyond 0.1. The standalone 0.1 repository intentionally owns pinned local TypeScript, ESLint, Prettier, and Vite configuration and validates it in CI. A published Taskyon-owned configuration package remains later integration work to eliminate copied configuration drift.",future
taskyon-map-package,dependencies,Generic map package,Taskyon shall expose generic MapLibre and PMTiles behavior through a reusable package that does not require the complete Taskyon UI graph or contain location-domain semantics; Taskyon-specific range caching shall remain available through an injected source adapter.,planned,ui,native,Taskyon:frontend/packages/maplibre/src/index.ts;Taskyon:frontend/packages/maplibre/src/TaskyonMap.vue;Taskyon:frontend/packages/maplibre/src/pmtiles.ts;Taskyon:frontend/packages/ui/gis/pmtilesStorageCache.ts,Taskyon:yarn workspace @taskyon/maplibre test;Taskyon:yarn workspace @taskyon/maplibre typecheck;Taskyon:yarn workspace @taskyon/maplibre build,future,Taskyon:frontend/packages/maplibre/package.json,Deferred beyond 0.1. Constellation 0.1 owns its thin MapLibre/PMTiles integration and location overlays. The generic Taskyon map package exists upstream but is not published or installed by Constellation; adopting the supported package remains later integration work.,future
standalone-package-boundary,dependencies,Standalone repository boundary,"A fresh Constellation checkout shall install, test, and build without a Taskyon sibling checkout; future Taskyon integration shall use independently consumable released packages or commit-pinned public upstream subpackages rather than relative sibling imports or dependencies on another local checkout.",tracked,build,layered,package.json;yarn.lock;vendor/taskyon;README.md,.github/workflows/ci.yml quality job: corepack yarn install --immutable;corepack yarn lint;corepack yarn test;corepack yarn build,foundation,Constellation product decisions;Taskyon:frontend/policies/package-and-configuration.md,"Constellation is self-contained through complete vendored Taskyon package snapshots with recorded provenance and documents its standalone web, desktop, and Android workflows. Application code imports package names only; published versions will replace the workspace snapshots without changing imports. The planned 0.2 public upstream dependency transition must preserve standalone installation, package-name imports, lockfile reproducibility and CI builds without private remotes or sibling worktrees.",0.1
prototype-supersession,dependencies,Prototype supersession,Constellation shall supersede the unauthenticated in-memory Deno and SSE location prototype after equivalent basic live sharing is verified.,implemented,all,layered,src/sharing/sharingRuntime.ts;src/views/MapView.vue,Basic browser and Android live-sharing evidence is recorded by the 0.1 acceptance and interoperability rows,0.1,Taskyon:apps/location_share,The Constellation implementation has equivalent basic live sharing and supersedes the unauthenticated in-memory Deno/SSE prototype. The prototype remains only a UX reference; this supersession decision has no dedicated maintained regression test.,0.1
sensor-service-model,sensor,"Generic read-only sensor service","Taskyon shall define a transport-independent read-only sensor service for dynamically described sensors and authenticated observations.",tracked,protocol,native,"Taskyon:frontend/packages/protocol/src/sensor.ts","Taskyon:@taskyon/protocol sensor client/server unit test;Taskyon:@taskyon/protocol type-check and build",future,"Taskyon:proposals/p2p-network.md;Taskyon:proposals/spaces-devices-and-peer-services.md","The versioned descriptor, observation, subscribe, unsubscribe, and event contract exists in Taskyon. Generic authentication, grants, advertisements, signatures, and peer transport integration are deferred; Constellation 0.1 uses its narrow authenticated location-sharing stream, not a general sensor service.",future
sensor-endpoints,sensor,"Dynamic sensor endpoints","A peer shall declare zero or more stable sensor endpoints without requiring a centrally fixed list of sensor kinds.",planned,protocol,native,,,future,"Matter data-model inspiration;Taskyon:proposals/spaces-devices-and-peer-services.md","Deferred beyond 0.1. Declarations are descriptive and grant no authority by themselves.",future
sensor-descriptors,sensor,"Versioned sensor descriptors","Each sensor endpoint shall identify a versioned profile or canonical schema revision, value shape, units, quality metadata, stream behavior, and owning service principal.",planned,protocol,native,,,future,"Matter data-model inspiration;Taskyon:frontend/policies/protocols-and-runtime-boundaries.md","Generic descriptors are deferred beyond 0.1; release 0.1 validates only Constellation's location observations and does not execute custom sensor semantics.",future
sensor-standard-profiles,sensor,"Standard and custom profiles","The sensor model shall support interoperable Taskyon standard profiles and dynamically declared custom schemas through the same descriptor mechanism.",planned,protocol,native,,,foundation,"Constellation product decisions","Profile interpretation remains separate from transport and discovery.",post-1.0
sensor-observation-envelope,sensor,"Signed observation envelope","Every observation shall bind its sensor identifier, descriptor revision, source principal, monotonic sequence, capture time, value payload, and quality metadata to an authenticated source envelope.",planned,protocol,native,,,future,"Taskyon:frontend/policies/protocols-and-runtime-boundaries.md","Generic signed sensor envelopes are deferred beyond 0.1. The 0.1 location-sharing stream retains its existing authentication and sequence checks; this row does not describe those as generic sensor signatures.",future
sensor-live-stream,sensor,"Live observation stream","Authorized consumers shall receive current and subsequent observations through one bounded Taskyon protocol stream with explicit cancellation and backpressure.",implemented,protocol,native,"vendor/taskyon/protocol/src/sensor.ts;vendor/taskyon/p2p-core/src/messagePort.ts;src/sharing/sharingRuntime.ts","yarn test:unit;tests/p2p-share.spec.ts desktop two independent sources;vendor/taskyon/p2p-core/src/stream.test.ts accepted-byte backpressure regression",foundation,"Taskyon:frontend/packages/protocol;Taskyon:frontend/packages/p2p-core/src/stream.ts","An authenticated stream per viewer has bounded framing and queues, subscribe/unsubscribe, heartbeat cleanup and transport close. A newly created share seeds its first observation from a still-fresh current fix, so a stationary source need not wait for another GPS event. Observations are not persisted. Taskyon backpressure waits for drain without repeating accepted frames; a focused synthetic test reproduces the old duplication and passes after the upstream fix.",0.1
sensor-history-stream,sensor,"Bounded history stream","A separately authorized sensor-history capability shall stream a bounded time range without exposing provider paths or an unbounded query surface.",planned,protocol,native,,,post-1.0,"Taskyon:frontend/policies/protocols-and-runtime-boundaries.md","Constellation initially permits at most the latest 30 minutes for remote location views.",post-1.0
sensor-advertisement,sensor,"Sensor service advertisement","A signed expiring service advertisement shall identify protocol and descriptor revisions, routing information, limits, and expiry without revealing private Space membership.",planned,network,native,,,future,"Taskyon:proposals/spaces-devices-and-peer-services.md","Deferred beyond 0.1. Advertisement proves neither authorization nor correct behavior.",future
sensor-grants,sensor,"Sensor capability grants","Space or transient-share grants shall independently authorize publish-own and read-current operations for explicit sensors and bounded scopes.",planned,protocol,native,,,future,"Taskyon:proposals/spaces-devices-and-peer-services.md","Generic grants are deferred beyond 0.1. The 0.1 bearer link remains a narrow location-view capability; read access never implies publication, history access, delegation, device control, or Space administration.",future
sensor-actuator-separation,sensor,"Actuator separation","Writable attributes and device commands shall remain outside the first sensor protocol and require a separate future command capability and authorization review.",planned,protocol,native,,,future,"Taskyon:frontend/policies/protocols-and-runtime-boundaries.md","A generic sensor declaration must not become an unrestricted remote-control surface.",future
matter-adapter-ready,interop,"Matter adapter-ready model","Sensor endpoint, profile, attribute, and event concepts shall preserve a clean future mapping to Matter while making no initial Matter wire-compatibility claim.",planned,protocol,adapter,,,future,"Connectivity Standards Alliance Matter specification;Thread Group resources","A Matter bridge will be a separately authorized and tested adapter.",future
thread-layering,interop,"Transport and application layering","Constellation shall treat libp2p as connectivity fabric and the Taskyon sensor protocol as the application layer rather than coupling sensor semantics to one network transport.",planned,protocol,native,,,future,"Thread Group resources;Taskyon:proposals/p2p-network.md","Generic Taskyon sensor-service layering is deferred beyond 0.1. The 0.1 application retains its narrow location-sharing protocol over libp2p; this is not Thread protocol implementation.",future
location-profile,location,"Constellation location sensor profile","Constellation shall define a versioned location profile for its authenticated sharing stream, including source-owned disclosure precision, bounded coordinates, uncertainty, capture and expiry times, and optional altitude, heading, and speed; a later generic Taskyon sensor envelope may carry the same profile.",tracked,core,layered,"src/location/locationObservation.ts","src/location/locationObservation.test.ts;yarn test (.github/workflows/ci.yml quality)",foundation,"Constellation product decisions;Taskyon:frontend/packages/protocol/src/sensor.ts","The validated application profile is local to Constellation so Taskyon does not acquire a product-specific location package. Mapping it into the generic Taskyon sensor envelope and peer authorization are deferred beyond 0.1.",0.1
location-source-sequence,location,"Location ordering and freshness","Location observations shall use source-owned monotonic sequences and explicit capture and expiry times so receivers can reject replay and display stale state honestly.",tracked,core,local,"src/location/locationObservation.ts;src/location/browser.ts;src/sharing/sharingRuntime.ts","src/location/locationObservation.test.ts;src/location/browser.test.ts;yarn test (.github/workflows/ci.yml quality)",web-preview,"Taskyon:frontend/policies/protocols-and-runtime-boundaries.md","The browser source emits monotonic sequence and explicit capture/expiry times; the viewer rejects non-increasing sequences and recomputes live, delayed, and stale map state. Wall-clock timestamps alone never establish authority.",0.1
location-adaptive-sampling,location,Adaptive battery-aware sampling,"A publishing device shall adapt sampling to movement, elapsed time, requested detail, power state, and a maximum interval through simple battery-versus-detail presets.",planned,core,local,,,0.3,Constellation product decisions,The 0.1 Android service uses a five-second/five-metre movement baseline with a rate-limited fresh fix on viewer arrival. Measure battery use before choosing adaptive presets; this is a 0.1.1 improvement.,0.3
location-on-demand-refresh,location,"Fresh fix on authorized viewing","When an authorized viewer subscribes and the source's last fix is older than thirty seconds or absent, the source shall request one fresh location fix, rate-limited to one request per minute per device. The last known observation remains viewable as stale while the request is pending; movement-only background sampling remains the baseline.",implemented,core,local,"src/location/browser.ts;src/sharing/sharingRuntime.ts;src/android/backgroundEntry.ts;src-tauri/plugins/constellation-android/android/src/main/java/space/taskyon/constellation/plugin/LocationShareService.kt","src/location/browser.test.ts;tests/p2p-share.spec.ts desktop reconnect;nix develop --command yarn build:android:debug:x86_64-emulator;Android one-shot device acceptance pending",0.1,"Constellation product decisions;Android LocationManager API","A successful authenticated sensor subscription triggers a single current-position request only when the last fix is old. Android's foreground service selects the network provider when enabled, otherwise GPS; API 29 uses requestSingleUpdate. It times out after twenty seconds. Doze and provider availability can still delay or prevent an update; no guaranteed delivery time is claimed. The source restoration path also adopts an already acquired fresh GPS fix so a viewer need not wait for further movement.",0.1
location-precision-choice,location,"Per-share precision","The source shall choose device accuracy, one-kilometre approximate, or city-sized very coarse disclosure independently for each active share and shall always see the active choice.",implemented,ui,layered,"src/shareDraft.ts;src/components/ShareSheet.vue;src/views/MapView.vue;src/sharing/sharingRuntime.ts","src/shareDraft.test.ts;tests/share-flow.spec.ts desktop and mobile;tests/p2p-share.spec.ts desktop",web-preview,"Constellation product decisions","New shares default to approximate and projection happens independently per share. Device accuracy is an explicit no-added-blurring choice, not a promise of precise GPS; the wire value remains exact for compatibility, and a coarse-only Android grant retains its actual reported uncertainty. The active list names very coarse separately. The third-choice mobile button and final action fit the Pixel 5 emulated viewport; native visual acceptance remains pending.",0.1
location-very-coarse,location,"Very coarse per-share area","Release 0.1 shall offer a third source-selected sharing preset that publishes a stable city-sized uncertainty area of at least 20 km radius, without naming a city or changing the source's own map position. Its randomized center must scale with the selected radius rather than remaining within the one-kilometre mode's small offset; the transmitted location and redeem response remain approximate for older viewers.",tracked,all,layered,"src/shareDraft.ts;src/location/approximation.ts;src/sharing/sharingRuntime.ts;src/sharing/privateStore.ts;src/components/ShareSheet.vue;src-tauri/plugins/constellation-android/android/src/main/java/space/taskyon/constellation/plugin/ConstellationAndroidPlugin.kt","src/shareDraft.test.ts;src/location/approximation.test.ts;src/android/backgroundSharing.test.ts;yarn test;yarn test:android:config (.github/workflows/ci.yml quality)",0.1,"Constellation product decisions","The 20 km minimum uses radius-scaled random center placement and the existing per-share hysteresis and overlap; after a temporary poor-accuracy enlargement a new region can shrink toward the preset. Protected source settings survived browser reload in the focused relay test. P2P delivery through the unchanged approximate wire contract passed; the Android x86_64 debug APK compiled. Android on-device and physical-device sharing remain unverified. Adjustable radius is future UX work. City-sized areas reduce precision, not anonymity.",0.1
location-approximation,location,"Sticky approximate area","For each share using approximate precision, the source shall publish a soft circular uncertainty region with a default one-kilometre radius and keep that region stable while the reported position and its reported GPS uncertainty remain safely contained.",tracked,core,local,"src/location/approximation.ts;src/sharing/sharingRuntime.ts","src/location/approximation.test.ts;yarn test (.github/workflows/ci.yml quality)",web-preview,"Constellation product decisions","Each in-memory share independently draws cryptographically secure random center and threshold values; there is no grid, reusable seed, share-secret derivation, or per-sample randomization.",0.1
location-approximation-transition,location,"Private approximate-area transitions","The source shall create a new randomized uncertainty region only after crossing its private hysteresis threshold consistently, or earlier when needed to preserve containment; consecutive regions shall overlap by at least 75 percent of their area, and poor GPS accuracy shall enlarge the advertised radius rather than exclude the reported uncertainty.",tracked,core,local,"src/location/approximation.ts;src/sharing/sharingRuntime.ts;src/sharing/privateStore.ts","src/location/approximation.test.ts;yarn test (.github/workflows/ci.yml quality)",web-preview,"Constellation product decisions","Two consecutive threshold crossings, immediate containment repair, overlap enlargement, and poor-accuracy enlargement are implemented. Browser region control state is encrypted and restored per link; restart behavior is covered by the browser relay test, but native region restoration and an explicit continuity test remain pending.",0.1
location-approximation-disclosure,location,"Approximation data minimization","Approximate observations shall expose only the advertised region and freshness needed to render it; they shall not expose exact coordinates, grid identifiers, random inputs, private thresholds, speed, or heading.",tracked,protocol,local,"src/location/approximation.ts;src/sharing/sharingRuntime.ts","src/location/approximation.test.ts;yarn test (.github/workflows/ci.yml quality)",foundation,"Constellation threat model","The published approximate payload contains only the randomized area center, containing radius, source sequence, and freshness timestamps; altitude, heading, speed, threshold, random inputs, and exact coordinates are omitted.",0.1
location-approximation-limits,location,Approximation limits,"The UI and documentation shall state that approximate sharing reduces precision but does not provide anonymity or a formal privacy guarantee, and that long trajectories, known places, screenshots, copied observations, or colluding recipients can still reveal sensitive patterns.",tracked,ui,local,src/components/AboutSheet.vue;README.md,scripts/product-policy.test.mjs;yarn test (.github/workflows/ci.yml quality);tests/share-flow.spec.ts desktop (.github/workflows/ci.yml browser-regression),web-preview,Constellation threat model,"About explicitly states that approximate and very-coarse sharing reduce precision without making the source anonymous, and names long trajectories, known places, screenshots, copied observations, and colluding recipients as residual risks. Received approximate locations render one area without a center point while larger than the marker; below that screen size they collapse to one dot at the advertised region center, using the same rule as own locations.",0.1
location-stale-display,location,Last-known state,"A viewer shall distinguish live, delayed, stale, expired, revoked, and unavailable location state instead of silently presenting old coordinates as current.",tracked,ui,layered,src/sharing/sharingRuntime.ts;src/components/FollowingSheet.vue;src/views/MapView.vue,src/sharing/sharingRuntime.test.ts;scripts/product-policy.test.mjs;yarn test (.github/workflows/ci.yml quality);tests/p2p-share.spec.ts desktop (.github/workflows/ci.yml browser-regression),web-preview,Constellation product decisions,"The viewer keeps the most recent observation in memory across a temporary disconnect and marks its age as stale or delayed while the authenticated share remains active; intermittent updates do not mean the share ended. Show on map appears only after an observation exists, and details show its last update time and age. Explicit revoked/expired close reasons and separate former-share history are tracked in share-lifecycle-history. Received coordinates are still not persisted across app restart.",0.1
person-device-model,identity,"People and device identities","Constellation shall present one local person identity with independently named and revocable device identities, each of which may publish its own authorized location.",planned,all,native,,,future,"Taskyon:proposals/spaces-devices-and-peer-services.md","The Taskyon person/device hierarchy is deferred beyond 0.1; local peer identity and editable device labels remain part of 0.1 sharing. A device identity does not independently grant broad access to user or Space data.",future
account-free-onboarding,identity,"Account-free onboarding","A new source or viewer shall receive a local device identity without registration, hosted account authentication, or disclosure of a stable identity to other link recipients.",tracked,all,layered,"src/sharing/sharingRuntime.ts;src/sharing/browserPeer.ts;src/sharing/shareLink.ts;src/sharing/privateStore.ts","tests/p2p-share.spec.ts independent-link source-identity and reload regression (.github/workflows/ci.yml browser-regression);src/sharing/privateStore.test.ts;yarn test (.github/workflows/ci.yml quality)",web-preview,"Constellation product decisions","No account or hosted authentication is required. Each newly generated outgoing link owns a fresh Ed25519 libp2p source identity, so its PeerId and dialable addresses are not stable across independently generated links; the per-link private key is restored only from protected encrypted local state so a surviving link keeps working after restart. The viewer/device identity remains local and separate. Pre-migration links that lack a stored per-link source key retain their legacy shared source identity until revoked because changing their PeerId would invalidate the existing bearer link. Deleting local application data may destroy identities and active shares; account recovery is outside 0.1.",0.1
device-publish-principal,identity,"Publish-only device principal","Background publishers shall receive a narrow device-bound principal and publish-own grant without receiving Space administration or read access to unrelated sensors.",planned,core,native,,,future,"Taskyon:proposals/spaces-devices-and-peer-services.md","The generic Taskyon principal/grant model is deferred beyond 0.1; Android background location sharing remains an explicit 0.1 requirement and must not gain unrelated Space access.",future
space-private-default,spaces,"Private-by-default Spaces","Missing membership, grant, publication, or distribution policy shall deny location access.",planned,core,native,,,future,"Taskyon:proposals/spaces-devices-and-peer-services.md","Named Space authorization is deferred beyond 0.1. Transient location-share access still requires its existing explicit bearer capability; global discovery must never advertise future Space membership.",future
space-hidden-surface,spaces,"Hidden Space mechanics","The initial UI shall expose shares and connections rather than requiring users to understand Space keys, overlays, grants, or service advertisements.",implemented,ui,layered,,,web-preview,"Constellation product decisions","Security mechanics remain inspectable in diagnostics and advanced details.",0.1
space-separate-groups,spaces,"Independent collaborative groups","A future named family or friends group shall be an independent collaborative Space rather than an extension of the user's default personal Space.",planned,ui,native,,,post-1.0,"Taskyon:proposals/spaces-devices-and-peer-services.md","Location publication remains opt-in per Space.",post-1.0
space-member-choice,spaces,"Mutual opt-in group sharing","Ordinary group members shall be able to publish their own location and view members who currently choose to share, while administrators alone manage membership.",planned,ui,layered,,,post-1.0,"Constellation product decisions","Joining a group never starts location sharing automatically.",post-1.0
space-administration,spaces,"Multiple administrators","Named collaborative Spaces shall support promotion and revocation of multiple administrators and explicit ownership transfer.",planned,core,native,,,post-1.0,"Taskyon:proposals/spaces-devices-and-peer-services.md","Administration remains separate from ordinary membership and device control.",post-1.0
space-recovery,spaces,"Offline Space recovery","Named collaborative Spaces shall support an offline recovery secret without putting root keys or reusable administrator credentials in invitations, links, logs, or QR codes.",planned,core,native,,,post-1.0,"Taskyon:proposals/spaces-devices-and-peer-services.md","Recovery requires bootstrap access to an authorized provider or rendezvous network.",post-1.0
space-cross-encryption,spaces,"Independent cross-scope encryption","Equivalent location data shared into different transient share scopes shall be encrypted independently to reduce provider-side correlation.",tracked,core,native,"src/sharing/sharePayloadCrypto.ts;src/sharing/sharingRuntime.ts;src/sharing/shareLink.ts","src/sharing/sharePayloadCrypto.test.ts;yarn test (.github/workflows/ci.yml quality)",foundation,"Taskyon:proposals/spaces-devices-and-peer-services.md","Each transient share has an independent 256-bit bearer secret. A domain-separated HKDF key encrypts every location payload with AES-256-GCM and a fresh IV bound to that share ID before it enters the libp2p stream, so equivalent observations in separate shares have independent ciphertext even when they use the same transport connection. Generic named Spaces remain deferred; ciphertext size, timing, and ordinary connection metadata are not claimed to be unlinkable.",0.1
invite-single-use,spaces,"Space enrollment invitations","Persistent Space enrollment shall use short-lived single-use QR or invite links with out-of-band fingerprint confirmation and existing-administrator approval.",planned,ui,native,,,post-1.0,"Taskyon:proposals/spaces-devices-and-peer-services.md","This enrollment flow is distinct from pre-authorized transient location links.",post-1.0
quick-share-scope,sharing,"Transient quick-share scope","A location link shall create a narrow encrypted share scope and read grant without enrolling receivers as people, devices, or members of a collaborative Space.",tracked,core,native,"src/sharing/shareProtocol.ts;src/sharing/sharingRuntime.ts;src/sharing/sharePayloadCrypto.ts;src/sharing/privateStore.ts","src/sharing/shareProtocol.test.ts;src/sharing/sharePayloadCrypto.test.ts;tests/p2p-share.spec.ts desktop;.github/workflows/ci.yml quality and browser-regression",web-preview,"Taskyon:proposals/spaces-devices-and-peer-services.md","A link grants only its source location sensor on authenticated per-viewer streams. Location payloads are additionally encrypted with a share-specific application-layer key derived from that link's random secret, independent of the libp2p connection encryption. Browser grants persist encrypted across reload; named Space integration remains future work.",0.1
quick-share-url,sharing,"Preview-safe share URL","The share URL shall place the bearer capability in its fragment and shall not expose it to HTTP requests, referrers, logs, analytics, or messenger link-preview fetches.",tracked,web,layered,"src/sharing/shareLink.ts;src/views/MapView.vue","src/sharing/shareLink.test.ts;yarn test (.github/workflows/ci.yml quality)",web-preview,"Constellation threat model","The canonical share URL serializer preserves bearer and owner-proof fields when selecting advertised transport addresses; its focused round-trip and owner-proof test covers this boundary. Fragment-only encoding and browser session-only redemption are implemented; the visible fragment is cleared after connection. Native viewers retain explicit acceptance. Deployed hosting and Android handoff remain unverified.",0.1
browser-instant-preview,sharing,"Immediate browser view and optional keep","A browser visitor opening a valid share fragment shall see the sender's live location immediately without an acceptance modal or own-GPS request. The connection shall be session-only until Keep following persists it; the sender may observe viewer presence and connection metadata.",tracked,web,layered,"src/views/MapView.vue;src/sharing/sharingRuntime.ts;src/sharing/privateStore.ts","tests/p2p-share.spec.ts browser preview and saved-follow reload;tests/share-flow.spec.ts invalid fragment;src/sharing/sharingRuntime.test.ts;.github/workflows/ci.yml browser-regression",web-preview,"Constellation product decisions","Immediate browser preview and optional encrypted save are implemented. The sender name is learned after redemption and never added to the URL; local nickname is not sent in redemption. Saving can begin own GPS but denial does not block saved following. A preview notice offers Stop preview; malformed links show a redacted error. Expired-link and mobile browser acceptance remain unverified.",0.1
native-incoming-links,sharing,Native incoming link intake,"Android shall accept valid Constellation HTTPS links through ACTION_VIEW and text/plain ACTION_SEND from apps such as Signal, while desktop Tauri shall route a pasted valid link directly to the approval flow. Native links require a View location tap before redemption, followed by editable nickname confirmation.",implemented,android;desktop,adapter,src-tauri/gen/android/app/src/main/AndroidManifest.xml;src-tauri/gen/android/app/src/main/java/space/taskyon/constellation/MainActivity.kt;src-tauri/plugins/constellation-android;src/platform/sharedText.ts;src/views/MapView.vue,yarn test:android:config;owned-adapter Android debug APK build;managed API 29/36 warm/cold ACTION_SEND and return offers;strict two-Android-plus-desktop-browser local-relay follow-save replay;src/platform/sharedText.test.ts,0.1,Constellation product decisions;Android ACTION_SEND API,"Android ACTION_SEND text is consumed once and a valid URL from surrounding text enters native approval; ACTION_VIEW uses the existing deep-link adapter. Desktop paste enters the same approval flow. The owned-adapter API 29 and 36 APKs passed warm/cold ACTION_SEND approval and both Android peers saved links from the desktop and the other Android peer during strict three-way replay, resolving the prior stalled Tauri callback in that test. Native approval opens an editable nickname prompt before persistence; dismissing it leaves a preview. Repeated warm ACTION_SEND for a second link, ACTION_VIEW, hosted App Links (the public hostname served an assets.taskyon.space-only certificate on 2026-09-29), and physical-device acceptance remain unverified; in-app camera scanning of received links is included in 0.1 and tracked separately by qr-link-scanning.",0.1
qr-link-scanning,sharing,In-app QR link scanning,"On browser, Android, and Tauri desktop, the Add location action shall offer camera scanning of a Constellation QR code shown in another app or on another device, and route the decoded link through the same validation, preview, and approval flow as a pasted link; the scanner option shall be offered only where camera capture and barcode decoding are available.",tracked,all,local,src/components/QrScannerSheet.vue;src/views/MapView.vue;package.json;src-tauri/gen/android/app/src/main/AndroidManifest.xml,tests/p2p-share.spec.ts scans a QR share through the normal browser preview flow (.github/workflows/ci.yml browser-regression);yarn typecheck;yarn build;yarn test:android:config;Android camera capture acceptance pending,0.1,Constellation product decisions,"The secure-context camera scanner uses jsQR, stops its media tracks when closed, and routes decoded text through the same validation and preview/native-approval path as a pasted link. The Android app declares CAMERA permission. Browser decoding is covered with a synthetic camera frame; Android permission presentation and physical-device camera capture remain release checks. Denied or unavailable camera access offers paste-link fallback. A real-world browser report describes live camera preview without decoding. Existing synthetic-frame evidence does not establish reliable physical-camera scanning; browser-qr-capture-hardening is a planned 0.1.1 regression and acceptance requirement.",0.1
bottom-connections-bar,ui,Compact bottom connections and actions,"A compact transparent bottom control row shall show independent Sharing and Seeing list buttons around one plus expander, with subdued own-location and P2P status. Expanded Add location and Share location actions shall float above the row without a divider or resizing the map, and fold after a successful action while remaining reopenable with a remembered collapsed state.",implemented,ui,local,src/views/MapView.vue;src/styles.css;src/components/LocationMap.vue,tests/map-ui.spec.ts selected desktop layout checks;tests/p2p-share.spec.ts source/share controls;mobile visual check pending,web-preview,Constellation product decisions,"The compact dock, subdued status, and remembered expander are implemented. Two prominent orange actions float above it; the dock has no panel background or top border, and opening actions does not resize the map. Narrow-screen and Android visual acceptance remain pending. The planned 0.1.1 unified-peer-list replaces separate Sharing and Seeing list destinations with a common peer list and direction filters; current dock/layout evidence describes the delivered 0.1 interface.",0.1
svg-app-controls,ui,Vector on-screen controls,"Constellation shall use centered SVG icon controls from Lucide for icon-only buttons, including menu, recenter, add, share, edit, QR, and close actions. The menu and recenter controls shall share one top row.",tracked,ui,local,src/views/MapView.vue;src/components/icons/CloseIcon.vue;src/components/FollowingSheet.vue;src/components/ShareListSheet.vue;src/styles.css;package.json,yarn typecheck;tests/map-ui.spec.ts centered SVG icon and close-button checks (.github/workflows/ci.yml browser-regression);mobile visual check pending,web-preview,Constellation product decisions;Taskyon:frontend/src/components/taskyon/TaskyonHeader.vue,"Icon-only buttons use Lucide SVGs and a flex-centered icon layout, including the sheet close X. Text-labelled actions keep visible text. Browser geometry checks verify the SVG centers inside icon buttons; mobile contrast and touch-target acceptance remain pending. Retest centering and accessible Lucide SVG controls in the planned unified peer list, avatar grids and icon-only share/copy actions. The Taskyon initials-avatar reference is a Vue/Quasar account control; Constellation uses its own Vue styling and does not import Svelte components.",0.1
share-dialog-mobile-fit,ui,"Compact mobile share dialog","The location-sharing dialog shall keep its settings, selection buttons, and final share action visible together on common phone viewports without requiring vertical scrolling; unusually short viewports may scroll rather than clip controls.",implemented,ui,local,"src/components/ShareSheet.vue;src/styles.css","tests/share-flow.spec.ts Pixel 5 emulation final-action bounds;native visual check pending",web-preview,"Constellation product decisions","Three precision choices fit one compact row; the final action stays within the emulated mobile viewport. Native visual acceptance and unusually short viewport handling remain pending.",0.1
menu-dismiss-after-selection,ui,"Close menu after selection or outside click","Selecting any menu entry shall perform its action and close the menu, including when selecting the already active map style; clicking or tapping outside the menu shall close it even if the map cannot initialize.",implemented,ui,local,"src/views/MapView.vue","Browser Playwright smoke covered menu toggle, active style selection, working-map click, unavailable-WebGL map tap, and top-bar outside click;other entries pending",web-preview,"Constellation product decisions","The screen handles outside clicks before child controls process them. The menu button remains toggleable and menu items run their own actions; map clicks, map controls, and empty top-bar space all dismiss the menu without depending on a MapLibre click event.",0.1
desktop-optional-link-handoff,desktop,"Optional browser-to-desktop handoff","A future explicit user setting may open Constellation HTTPS share links in the installed desktop app while preserving bearer-capability secrecy and a browser fallback.",planned,desktop,adapter,,,future,"Constellation product decisions;Tauri deep-link documentation","Ordinary desktop HTTPS clicks open the browser and desktop paste starts native approval in 0.1. Tauri Linux deep links pass URLs as process arguments, so do not route current secret-bearing fragments through a custom URI or claim automatic handoff yet.",future
browser-install-destinations,build,Optional app-install destinations,"The browser shall link to the GitHub project and latest release. On a first visit from an Android or Linux browser, it shall show a dismissible hint linking to the native apps and accurately describe Android background sharing; other platforms and native apps shall not show that hint.",tracked,web,local,src/views/MapView.vue;src/styles.css;README.md,tests/share-flow.spec.ts offers direct app downloads to Android and Linux web visitors (.github/workflows/ci.yml browser-regression),web-preview,Constellation product decisions,The browser menu links directly to the GitHub project and latest release. The existing first-run privacy note links to the latest release for Android and Linux browsers only; its dismissal persists through the existing preference. The hint states that Android supports background sharing. Play Store and F-Droid destinations are not configured and are not shown.,0.1
native-saved-follow-state,security,"Native encrypted saved follows","Android and Linux desktop shall restore saved followed links and peer identity from app-specific protected storage, using Android Keystore encryption and a Linux Secret Service item. Session previews shall remain usable when protected storage is unavailable but no plaintext persistence fallback is allowed.",implemented,android;desktop,adapter,"src/sharing/privateStore.ts;src/sharing/sharingRuntime.ts;src-tauri/src/desktop_private_store.rs;src-tauri/plugins/constellation-android/android/src/main/java/space/taskyon/constellation/plugin/EncryptedShareStore.kt","nix develop --command cargo check --manifest-path src-tauri/Cargo.toml;nix develop --command yarn build:android:debug:x86_64-emulator;src/sharing/sharingRuntime.test.ts;scripts/test-android.mjs strict three-way API 36 saved-follow restart",0.1,"Constellation product decisions","Android UI state uses its own Keystore alias and preferences namespace, separate from clearable background-service status. Linux saves the protected record directly in Secret Service with no plaintext file fallback. When loading protected storage fails, previews are ephemeral and save is refused. An API 36 Android emulator restored two saved follows and received both positions after process restart in the strict three-way relay test. Linux packaged-desktop recovery, locked-keyring behavior, and physical-device acceptance remain unverified.",0.1
quick-share-sheet,sharing,"System share sheet","The web and Android apps shall use the system share surface so a source can send the generated URL through Signal or another installed messenger without messenger-specific account integration.",implemented,ui,local,"src/components/ShareReadySheet.vue","yarn typecheck;yarn build",web-preview,"Constellation product decisions","The web app uses Web Share when available and clipboard copy otherwise. Android system-share verification remains pending.",0.1
quick-share-preauthorization,sharing,Pre-authorized redemption,"A source shall choose duration, precision, and viewer capacity before generating a link so valid receivers need no later source approval.",tracked,core,layered,src/shareDraft.ts;src/sharing/shareAuth.ts;src/sharing/sharingRuntime.ts,src/shareDraft.test.ts;src/sharing/shareAuth.test.ts;tests/p2p-share.spec.ts desktop;.github/workflows/ci.yml quality and browser-regression,web-preview,Constellation product decisions,"Duration, precision, capacity, HMAC redemption, whole-link stop, and automatic expiry are enforced. Connected viewer-device blocking closes that identity’s sessions without revoking other viewers; the canonical control and its Android acceptance are tracked by viewer-session-revocation. This describes delivered 0.1 bearer-link behavior. For single-recipient links, planned 0.1.1 single-recipient-peer-approval supersedes automatic first admission: the source approves the authenticated recipient before any location disclosure. Viewer capacity alone does not enforce this boundary.",0.1
quick-share-one-way,sharing,"One-way link sharing","A multi-recipient link shall expose only the source's authorized location; receivers shall not discover one another or gain reciprocal sharing automatically.",implemented,core,layered,"src/sharing/sharingRuntime.ts;src/views/MapView.vue","tests/p2p-share.spec.ts desktop",web-preview,"Constellation product decisions","Two people share in both directions in 0.1 by independently creating one-way links; receivers receive no peer list or reciprocal grant.",0.1
quick-share-qr,sharing,One-way QR sharing,A source shall show a QR for its one-way fragment link. An external scanner shall open a browser preview immediately when the app is absent or enter explicit native acceptance when the Android app is installed; neither path creates collaborative Space membership.,tracked,ui,local,src/components/ShareReadySheet.vue;src/components/QrScannerSheet.vue;src/views/MapView.vue;package.json,"tests/p2p-share.spec.ts QR display, browser preview, and synthetic-camera scan regressions (.github/workflows/ci.yml browser-regression);yarn typecheck;yarn build;yarn test:pages",web-preview,Constellation product decisions,"The browser regression verifies QR display, fragment-safe browser preview, and in-app camera decoding of a received share through the ordinary preview flow. QR display and received-link scanning are both in 0.1; Android App Links and physical-device camera capture remain release acceptance checks. Reciprocal sharing does not create collaborative Space membership.",0.1
quick-share-duration,sharing,"Timed sharing defaults","Sharing shall default to one hour, offer longer presets including eight hours, and stop publication and retrieval automatically at expiry.",tracked,ui,local,"src/shareDraft.ts;src/components/ShareSheet.vue;src/sharing/sharingRuntime.ts","src/shareDraft.test.ts;tests/share-flow.spec.ts;tests/p2p-share.spec.ts desktop;full managed matrix and focused smokes re-pass (API 29/36, 2026-10-01)",web-preview,"Constellation product decisions","The source rejects expired redemption and heartbeat operations, closes expired sessions, and removes expired in-memory shares. The maintained managed matrix and focused smokes re-passed on 2026-10-01.",0.1
quick-share-indefinite,sharing,"Explicit until-revoked sharing","An until-revoked link shall exist only as an advanced option behind a prominent warning and explicit source confirmation.",implemented,ui,local,"src/shareDraft.ts;src/components/ShareSheet.vue;src/sharing/sharingRuntime.ts;src/sharing/privateStore.ts","src/shareDraft.test.ts;tests/share-flow.spec.ts;tests/p2p-share.spec.ts desktop",web-preview,"Constellation product decisions","The UI requires fresh acknowledgement and offers whole-link stop. Browser grants now survive reload, increasing the importance of conspicuous active-share status. Native recovery and long-running revocation verification remain pending.",0.1
quick-share-viewer-cap,sharing,"Source-selected viewer capacity","A source shall select a viewer capacity with quick choices of one, ten, and fifty plus an advanced no-share-level-cap option.",tracked,ui,layered,"src/shareDraft.ts;src/components/ShareSheet.vue;src/sharing/sharingRuntime.ts","src/shareDraft.test.ts;tests/share-flow.spec.ts;tests/p2p-share.spec.ts desktop;.github/workflows/ci.yml quality and browser-regression;scripts/test-android.mjs strict local-relay three-peer replay",web-preview,"Constellation product decisions","Admission enforces the chosen capacity; no-share-level-cap still has a hard runtime ceiling of 128 active sessions. Browser multi-viewer fan-out passed a focused local-relay Playwright test. An earlier mixed Android run displayed one viewer after another Android joined; after replacing the Android geolocation plugin, a strict two-Android-plus-browser replay passed with two viewers on each Android source. Sustained presence across adverse networks and physical devices remains unverified.",0.1
quick-share-session-binding,sharing,"Ephemeral viewer sessions","Each successful link redemption shall create a separate ephemeral viewer session so forwarding and concurrent use can be counted, bounded, and revoked.",tracked,core,native,"src/sharing/shareAuth.ts;src/sharing/sharingRuntime.ts;vendor/taskyon/p2p-core/src/messagePort.ts","src/sharing/shareAuth.test.ts;tests/p2p-share.spec.ts desktop revocation and device block;@taskyon/p2p-core terminal-message test;.github/workflows/ci.yml quality and browser-regression",web-preview,"Constellation product decisions","Each stream gets a nonce-bound HMAC redemption and random in-memory session identifier. Whole-share and known-device revocation flush terminal events before transport close. The UI can block a connected device identity while preserving other viewers; forwarded links can still be reopened under a new identity. Android on-device verification remains pending.",0.1
viewer-presence,sharing,"Active viewer presence","Viewer sessions shall send bounded heartbeats so the source can see connected-session counts and expand each share link into short per-link peer fingerprints, last-seen freshness, and private editable device labels without claiming verified human identity.",tracked,protocol,layered,"src/sharing/shareProtocol.ts;src/sharing/sharingRuntime.ts;src/sharing/privateStore.ts;src/components/ShareListSheet.vue;src/views/MapView.vue","src/sharing/shareProtocol.test.ts;tests/p2p-share.spec.ts desktop source/viewer flow device block and label recovery;.github/workflows/ci.yml quality and browser-regression",web-preview,"Constellation product decisions","Connected-session counting, 35-second heartbeat cleanup, and per-link hashed peer fingerprints are implemented. Editable device labels are stored only in protected local state and never sent by the viewer; a forwarded link and fingerprint do not verify a person. Connected-device blocking is implemented. Disconnected-device management and Android visual acceptance remain pending.",0.1
viewer-session-revocation,sharing,"Viewer-device revocation","The source shall be able to stop one known viewer device on a link, close all its active sessions and reject reconnection from the same peer identity without revoking other viewers.",tracked,ui,layered,"src/sharing/sharingRuntime.ts;src/sharing/privateStore.ts;src/components/ShareListSheet.vue;src/views/MapView.vue;src/android/backgroundEntry.ts;src-tauri/plugins/constellation-android/android/src/main/java/space/taskyon/constellation/plugin/LocationShareService.kt","tests/p2p-share.spec.ts desktop two-viewer block source reload and denied reconnect;src/android/backgroundSharing.test.ts;.github/workflows/ci.yml quality and browser-regression;build:android:debug:x86_64-emulator native compile;on-device behavior pending",web-preview,"Constellation product decisions","Browser grants persist blocked peer identities in protected state and reject same-identity redemption; the desktop browser E2E confirms a second viewer stays connected. Android live background service has a block command and compiles to a debug APK, but on-device behavior and block recovery after service recreation remain unverified. A bearer link can still be reused with a fresh peer identity; for robust exclusion revoke and replace the shared link. Revocation cannot erase information already observed.",0.1
viewer-presence-limit,sharing,"Presence honesty","The product shall describe active viewers as connected Constellation sessions and shall not claim to count screenshots, copied coordinates, modified clients, or downstream rebroadcasts.",implemented,ui,local,"src/views/MapView.vue;src/sharing/sharingRuntime.ts","tests/p2p-share.spec.ts desktop",web-preview,"Constellation threat model","The UI labels the number as connected sessions. It is operational presence, not proof of human attention or non-retention.",0.1
qr-mutual-sharing,sharing,"Mutual QR sharing","Two devices shall establish reciprocal view grants through a hidden pair scope after both people independently confirm their own duration and precision.",planned,ui,native,,,web-preview,"Constellation product decisions","Stopping or expiring one direction does not silently stop or extend the other direction.",post-1.0
active-share-control,sharing,"Visible active sharing","The map screen and Android notification shall continuously show whether sharing is active, its recipients or scope, precision, expiry, and a one-action stop control.",tracked,ui,local,"src/views/MapView.vue;src/components/ShareReadySheet.vue;src/components/ShareListSheet.vue;src-tauri/plugins/constellation-android/android/src/main/java/space/taskyon/constellation/plugin/LocationShareService.kt;src-tauri/plugins/constellation-android/android/src/main/java/space/taskyon/constellation/plugin/ShareNotification.kt","tests/p2p-share.spec.ts compact expiry, QR reopen, viewer count and revoke flow (.github/workflows/ci.yml browser-regression);tests/share-flow.spec.ts desktop and mobile;scripts/test-android-managed.mjs --notification-stop-smoke (managed API 36, 2026-10-01)",web-preview,"Constellation product decisions","The map’s compact Sharing control continuously shows the active-link count and nearest timed expiry (or until-stopped state). The active-share sheet shows precision, connected-session count, publication mode and per-link expiry, reopens each link/QR, revokes it independently, and can block a connected device. The Android notification title states that sharing is active and its text lists link count, precision, connected viewers, and nearest expiry, with one Stop sharing action; managed API 36 acceptance verifies the notification record and stops the service through that action. Disconnected historical-device management remains useful future UX.",0.1
release-0-1-ephemeral-location-state,history,"No durable 0.1 location history","Release 0.1 clients and providers shall not persist exact or approximate location observations; an already connected viewer may retain only its latest observation in memory and shall mark it stale when the source becomes unavailable.",implemented,all,local,"src/sharing/sharingRuntime.ts;src/sharing/privateStore.ts;src-tauri/plugins/constellation-android/android/src/main/java/space/taskyon/constellation/plugin/LocationShareService.kt","tests/p2p-share.spec.ts desktop;yarn test:android:config",foundation,"Constellation product decisions","Browser persistence contains grants and approximation control state but no observations. Android service now keeps full location status only in process memory and redacts the observation before encrypting the durable status. Device-level inspection and process-recreation evidence are still needed. Durable self-history and hosted last-known state are deferred.",0.1
view-only-policy,sharing,"Best-effort view-only trails","Remote trail access shall expose only bounded viewing streams with no export operation or persistent viewer cache while acknowledging that an authorized viewer can capture rendered data.",planned,all,layered,,,post-1.0,"Constellation product decisions","The protocol shall not make an unenforceable DRM claim.",post-1.0
self-history-only,history,"Self-authored durable history","A device's durable trail shall contain only samples generated by that device and shall never append locations received from another peer.",planned,storage,local,,,0.1,"Constellation product decisions","This prevents ordinary viewers from becoming accidental history replicas or onward publishers.",post-1.0
trail-jsonl-format,history,"Daily encrypted JSONL journals","A device shall append self-generated samples to bounded daily text journals containing a versioned header and one authenticated base64url ciphertext envelope per line.",planned,storage,local,,,0.1,"Constellation product decisions","No database is required; plaintext coordinates never enter the journal.",post-1.0
trail-journal-integrity,history,"Journal ordering and integrity","Journal envelopes shall authenticate device identity, format version, sequence, capture time, and previous-envelope commitment so truncation, reordering, replay, and corruption are detected.",planned,storage,local,,,0.1,"Constellation threat model","Recovery may preserve valid prefixes while reporting damaged or missing suffixes.",post-1.0
trail-segment-rotation,history,"Immutable trail segments","Completed daily or size-bounded journals shall rotate into signed immutable segments suitable for verification and optional blind replication.",planned,storage,layered,,,0.1,"Taskyon:proposals/spaces-devices-and-peer-services.md","Mutable current journals remain local and have one owning writer.",post-1.0
trail-retention,history,"Configurable self-history retention","Self-history shall default to thirty days and offer shorter periods or keep-until-deleted; cleanup shall remove complete expired segments and their keys or envelopes.",planned,ui,local,,,0.1,"Constellation product decisions","Retention changes do not silently publish or replicate history.",post-1.0
trail-device-key,history,"Device-protected trail key","Android shall protect the local trail key with Android Keystore so an explicitly started background share can continue after screen lock without exposing a broad Space or user root key.",planned,android,adapter,,,0.1,"Syncpeer:packages/tauri-shell/src-tauri/plugins/syncpeer-android/README.md","Behavior after reboot follows platform protected-data availability and fails closed when the key is unavailable.",post-1.0
trail-share-projection,history,"Per-scope trail projections","A source shall derive the minimum authorized time range from local self-history and encrypt a separate projection for each Space or transient share scope.",planned,core,layered,,,post-1.0,"Constellation product decisions","Canonical self-history is never handed directly to a remote provider.",post-1.0
trail-blind-replication,history,"Blind encrypted replicas","Selected storage services may retain opaque source-authored immutable trail segments without receiving plaintext, Space membership, or decryption authority.",planned,storage,native,,,post-1.0,"Taskyon:proposals/spaces-devices-and-peer-services.md","Ordinary viewer devices do not satisfy replica durability targets.",post-1.0
trail-view-window,history,"Thirty-minute remote window","A source may grant remote viewers access to at most the latest thirty minutes of its trail through a bounded memory-only stream.",planned,protocol,layered,,,post-1.0,"Constellation product decisions","The viewer discards the window on close, expiry, or revocation.",post-1.0
trail-no-viewer-cache,history,"No received-trail persistence","Official clients shall not write another device's received trail to persistent storage or re-advertise it as a local sensor history.",planned,all,local,,,post-1.0,"Constellation product decisions","A malicious authorized client can still capture plaintext and is outside this enforceable guarantee.",post-1.0
browser-p2p,p2p,"Browser libp2p transport set","The web app shall use Taskyon browser libp2p with WebRTC, WebTransport, secure WebSockets, and circuit-relay transport as available.",tracked,web,native,"vendor/taskyon/p2p-core/src/browser.ts;src/sharing/browserPeer.ts;src/sharing/sharingRuntime.ts","tests/p2p-share.spec.ts desktop;yarn build;full managed matrix and focused smokes re-pass (API 29/36, 2026-10-01);tests/fixtures/share-probe.ts explicit advertised WebRTC dial;src/sharing/browserPeer.test.ts reserved WebRTC address retention;yarn test:e2e (2026-10-05: 73 passed / 13 existing skips at default six workers);yarn test:android:managed final hosted-relay 13-check matrix (2026-10-05: all passed; scoped no-GMS excludes process restart/shared-text)",web-preview,"Taskyon:frontend/packages/p2p-core/src/browser.ts","The browser runtime reserves configured relay reachability, advertises addresses only inside the bearer fragment, and opens one Noise-protected protocol stream per viewer. Transport-specific status detail now distinguishes direct WebSocket, WebRTC, relay-signalled WebRTC, WebTransport, and relay-circuit data paths. The maintained managed matrix and focused smokes re-passed on 2026-10-01. The browser regression explicitly dials the link-advertised WebRTC address and verifies a direct connection to the expected peer; the authenticated sharing flow separately accepts and labels the supported relay fallback. WebRTC coverage no longer depends on public discovery auto-dials. A seven-second synthetic SDP offer delay reproduces the upstream six-second address deadline; Taskyon browser peers now use bounded 30-second dial and inbound-upgrade budgets. This increases unreachable-peer failure latency without extending test deadlines. Constellation keeps configured relay bootstrap bounded at ten seconds per candidate so share creation retains its existing startup budget. The SDK is pinned to libp2p 3.3.11 and its connection-manager options are checked against the public SDK type. The delayed-offer browser regression and freshly rebuilt Android direct WebRTC and captive-relay recovery tests passed on 2026-10-05; The full browser suite passed 73 tests with 13 existing skips at six workers; The final hosted-relay Android matrix passed all 13 checks on API 29, API 36 and scoped no-GMS (2026-10-05). Its network test used Data Saver because the emulator rejected the Wi-Fi metered override; physical devices remain unverified. Reachability filtering retains WebRTC signaling addresses from the selected relay while rejecting unrelated and nested circuits.",0.1
native-socket-transport,p2p,Tauri native-socket transport,Taskyon P2P shall provide a js-libp2p transport adapter backed by Tauri native sockets so Android is not limited to browser WebRTC connectivity.,planned,android,adapter,,,0.3,Constellation product decisions;Taskyon:frontend/packages/p2p-core,The adapter belongs upstream in Taskyon and must preserve the same peer identity and stream semantics. The browser/WebView transport and relay path remain the 0.1 baseline.,0.3
native-http-transport,p2p,Native HTTP and secure relay access,"The Android host shall expose bounded native HTTP or secure WebSocket connectivity needed for bootstrap, relay, and provider access without exposing generic unrestricted network calls to the UI.",planned,android,adapter,,,0.3,Taskyon:frontend/policies/protocols-and-runtime-boundaries.md,Native networking is capability-scoped and uses the same service contracts as web transports. This additional host path is planned for 0.1.1.,0.3
connection-fallback,p2p,"Direct-first fallback ladder","Peers shall try compatible direct transports first and then configured Taskyon circuit relays and gateways with bounded retries and backoff.",tracked,network,native,"src/sharing/browserPeer.ts;src/sharing/sharingRuntime.ts","src/sharing/browserPeer.test.ts;tests/p2p-share.spec.ts desktop private return over an existing authenticated connection;.github/workflows/ci.yml quality and browser-regression;scripts/test-android.mjs current APK API 29 and 36 full two-way flow",web-preview,"Taskyon:proposals/p2p-network.md","The viewer prefers an already authenticated open connection, trying direct WebRTC before relay circuits, then advertised direct addresses, plain circuit relay, and WebRTC-over-relay. This fixed browser-to-browser return-share failures caused by signaling timeouts in the managed local relay test; three repeated runs passed. The current APK also passed managed API 29 and 36 background-source and private return flows after this transport change. Adverse-network behavior remains unproven. Source reachability is checked against the actual connected relay address; a failed startup stops its unreachable peer. Viewer reconnect retains its last observation while seeking a new authenticated one, but the retry sweep is still ten seconds without timed backoff. Controlled network-transition diagnostics remain pending.",0.1
hosted-network-services,p2p,"Hosted bootstrap and relay services","Release 0.1 shall operate production bootstrap, rendezvous, secure WebSocket or WebTransport, and circuit-relay endpoints separately from the static web app so browser and Android peers can connect when direct paths fail.",implemented,network,native,"src/sharing/browserPeer.ts;vendor/taskyon/p2p-core/src/browser.ts","2026-09-24 live Chromium relay reservation;2026-09-29 managed API 36 Android/browser hosted-relay full flow;Tauri desktop dev preview via hosted relay",0.1,"Constellation product decisions;Taskyon:proposals/p2p-network.md","A previous browser probe received RESERVATION_REFUSED, but a fresh browser-runtime probe successfully reserved a hosted relay address; a Node-only listener probe was invalid because that node lacks the relay listener transport. A 2026-09-29 managed API 36 Android/browser run passed hosted-relay viewing, locked-screen update, private return offer, process recovery and shared-text intake; a Tauri desktop development viewer also received a browser share and appeared in source presence. One preceding run stalled at the WebView debugger after wake, then a repeat passed; this is not yet classified as an app network failure. Multi-network, physical-device and sustained adverse-network acceptance remain open. The Taskyon-operated service cannot guarantee networks that block every outbound path.",0.1
self-hosted-providers,p2p,"Additional self-hosted providers","A Space or advanced user shall be able to configure additional bootstrap, relay, and blind-storage providers without replacing the Taskyon protocol.",planned,network,native,,,0.1,"Taskyon:proposals/p2p-network.md","Provider selection remains separate from service advertisement and authorization.",post-1.0
private-overlay,p2p,"Private share overlays","Share and Space traffic shall use cryptographically separate overlays whose identifiers, grants, and contents are absent from global discovery.",tracked,network,native,"src/sharing/shareLink.ts;src/sharing/shareAuth.ts;src/sharing/browserPeer.ts","src/sharing/shareLink.test.ts;src/sharing/shareAuth.test.ts;tests/p2p-share.spec.ts desktop;tests/p2p-share.spec.ts private peer public-discovery regression (.github/workflows/ci.yml browser-regression);yarn test:e2e (2026-10-05: 73 passed / 13 existing skips at default six workers)",foundation,"Taskyon:proposals/spaces-devices-and-peer-services.md","Release 0.1 quick shares avoid stable secret-derived discovery tokens and carry reachability plus independent random grant secrets in URL fragments. Full private Taskyon rendezvous remains planned. Private browser nodes disable Taskyon global discovery announcements, subscriptions and automatic discovered-peer dialing; they also skip eager public relay fallbacks and reserve only the caller-configured relay. Location stream authorization remains enforced by the bearer capability. Taskyon public discovery defaults are unchanged for other callers.",0.1
relay-opacity,p2p,"Blind routing boundary","Hosted relays, mesh routers and Space bridges shall forward opaque end-to-end encrypted traffic without receiving location plaintext, reusable share capabilities, or implicit collaborative Space membership.",implemented,network,native,,,foundation,"Taskyon:proposals/spaces-devices-and-peer-services.md","A router that decrypts or republishes data is a distinct service principal requiring an explicit grant; ordinary routing never grants sensor access.",0.1
latest-location-replica,p2p,Opt-in group last-known cache,"In release 0.2 a publisher may explicitly allow opted-in devices in a quick-share group to cache only its latest application-encrypted observation per rotating opaque mailbox, for at most 24 hours and never beyond the share expiry. A cache grant never grants location-viewing authority.",planned,storage,layered,,,0.4,Constellation product decisions;Taskyon:proposals/spaces-devices-and-peer-services.md,"Release 0.1 remains memory-only and live P2P. Group sharing is a prerequisite; named Taskyon Spaces are not required for this first group cache. The one-minute freshness expiry and longer last-known retention are distinct; receivers label older observations stale. Ordinary peers have a default capacity of 100 different share mailboxes, not 100 samples per source. Cached plaintext and reusable share capabilities are forbidden. Revocation cannot erase plaintext previously viewed and deletion notices may arrive late.",0.4
group-cache-consent,p2p,Separate group cache consent,"The first relevant group-sharing flow shall ask each publisher whether its own share may use encrypted last-known caching; caching is off by default and each potential storage device separately opts in to host cache duty. The prompt shall explain 24-hour maximum retention, source expiry, and connection-metadata visibility without claiming anonymity.",planned,ui,layered,,,0.4,Constellation product decisions,One group member's cache consent never enables caching for another member's publication. A group cache may be a member without being permitted to view a hub-mode location.,0.4
group-cache-rotation,p2p,Rotating group cache duty,"Opted-in reachable group devices shall rotate the active cache role through bounded leases with an acknowledged overlapping handoff, favoring charging devices while balancing extra duty over time. No cache volunteer or interrupted handoff shall degrade ordinary live sharing or be represented as a guaranteed always-online service.",planned,network,layered,,,0.4,Constellation product decisions,"The role rotates cache availability work, not all battery use from location acquisition or P2P presence. Duplicate ciphertext during handoff is deduplicated by authenticated source ordering; every provider applies bounded quotas and expiry.",0.4
cache-trust-boundaries,p2p,"Layered cache trust","Viewing, publishing, caching ciphertext, relaying, delegating, and group administration shall be separate grants. Direct peers, quick-share groups, delegated peers, friends of friends, and strangers discovered globally have progressively weaker relationship trust but no implicit authority from their tier alone.",planned,protocol,layered,,,future,"Constellation product decisions;Taskyon:proposals/p2p-network.md;Taskyon:proposals/spaces-devices-and-peer-services.md","Release 0.2 only enables explicitly opted-in group caches. A later version may let one device cache for several separate friend networks with isolated keys, mailboxes, quotas, and grants; unrelated networks must not learn one another's membership. Stranger caching requires explicit admission and abuse controls, not a reputation score based on self-reported capacity.",future
high-capacity-cache-peer,p2p,"Optional high-capacity cache peer","After less-trusted caching is safe, an optional headless Constellation peer may join the same blind-cache protocol with a configured capacity up to 100000 latest share mailboxes, without becoming a special trusted server or gaining location-viewing authority.",planned,network,layered,,,future,"Constellation product decisions","This is not required for 0.2. Packaging, durable storage, quotas, and abuse resistance remain deployment work even though the wire protocol is shared with ordinary cache peers.",future
network-limit-honesty,p2p,"Connectivity limit disclosure","The product shall not promise connectivity through total network loss, captive portals, or networks that block every available outbound transport.",tracked,ui,local,"src/components/AboutSheet.vue","scripts/product-policy.test.mjs;yarn test (.github/workflows/ci.yml quality)",web-preview,"Constellation product decisions","Diagnostics identify direct, relayed, offline, blocked, and degraded states.",0.1
network-resource-limits,p2p,"Network abuse limits","Relays and publishers shall enforce bounded messages, stream counts, heartbeats, quotas, rates, and expiries before allocating unbounded work.",tracked,network,native,"vendor/taskyon/p2p-core/src/messagePort.ts;src/sharing/sharingRuntime.ts;src/sharing/shareLink.ts","vendor/taskyon/p2p-core/src/messagePort.test.ts;src/sharing/shareLink.test.ts;src/sharing/sharingRuntime.test.ts;yarn test (.github/workflows/ci.yml quality)",foundation,"Taskyon:frontend/policies/protocols-and-runtime-boundaries.md","Client frames are limited to 8192 bytes and 32 pending messages, links to four addresses and 1800 fragment characters, sessions to 128, remembered redemption nonces to 1024 per share, and heartbeat/expiry cleanup is bounded. Hosted relay quotas require separate deployment evidence.",0.1
multi-hop-routed-location,p2p,"Multi-hop location sessions","Future Constellation viewer sessions shall operate unchanged over Taskyon logical streams routed across multiple peer links while preserving per-viewer authorization, counting, expiry, revocation, ordering and explicit route-failure state.",planned,network,native,,,future,"Taskyon:proposals/p2p-network.md;Constellation product decisions","Intermediate routing belongs to Taskyon P2P beneath the sensor protocol. This is not part of release 0.1.",future
heterogeneous-location-mesh,p2p,"Heterogeneous location mesh","Future location sessions shall be able to traverse mixed LAN, Bluetooth, WebRTC, native-socket and relay links without introducing transport-specific location messages or weakening authorization.",planned,network,native,,,future,"Taskyon:proposals/p2p-network.md;Constellation product decisions","Bluetooth and LAN are planned link adapters, not currently implemented transports or claims of Thread, Zigbee or Bluetooth Mesh wire compatibility.",future
mesh-edge-fanout,p2p,"LAN and mesh edge fan-out","A future reachable LAN or mesh gateway shall be able to carry multiplexed upstream traffic and route separate encrypted viewer sessions to several authorized downstream peers without becoming a location viewer by default.",planned,network,native,,,future,"Taskyon:proposals/p2p-network.md;Constellation product decisions","The source retains per-viewer capacity, presence and revocation semantics. Plaintext redistribution requires a separate explicit service grant.",future
mesh-delay-tolerant-location,p2p,"Delay-tolerant fresh location","Future mesh routing may retain only the newest bounded encrypted location frame across intermittent links and shall discard it at the source-controlled expiry without constructing a trail or durable received-location history.",planned,network,native,,,future,"Taskyon:proposals/p2p-network.md;Constellation product decisions","Blind routers receive no location plaintext. Longer queues and history remain separate capabilities.",future
offline-cache-carrier,p2p,"Disconnected store-carry-forward mesh","A future opt-in mode shall let an authorized device carry bounded end-to-end-encrypted latest-location records across disconnected Bluetooth or local Wi-Fi groups, synchronize by authenticated inventory and deduplicate by source-scoped opaque record ID and sequence, then forward eligible records on reconnection to another local mesh or the Internet.",planned,network,layered,,,future,"Constellation product decisions;https://briarproject.org/how-it-works/;Taskyon:proposals/p2p-network.md","A hiking group may exchange encrypted last-known positions across short-range hops; a member who leaves can carry eligible records to another group kilometres away. This is asynchronous ferrying, not a guaranteed 500 m Bluetooth link or real-time mesh. Source-controlled expiry, bounded storage, quotas, revocation checks when reachable, freshness labels, and loop/duplicate suppression still apply. Longer retention or trails require a separate explicit grant; the ordinary 0.2 cache remains latest-only and capped at 24 hours. An offline-only transport choice must not silently upload on Internet reconnection.",future
offline-bridge-authority,p2p,"Explicit emergency bridge authority","Cross-group forwarding and viewing shall be independently authorized: a carrier may copy opaque records only under a source or group forwarding grant, and members of a newly encountered group may decrypt them only under pre-authorized read or explicitly delegated emergency-view grants with bounded sources, recipients, precision and expiry.",planned,protocol,layered,,,future,"Constellation product decisions;Taskyon:proposals/spaces-devices-and-peer-services.md","Merely meeting another group must never make the original group's positions readable. If the injured source cannot grant access while offline, the necessary emergency read/delegation policy must already exist; exact policy and consent UI require a separate threat-model decision. Metadata visible to carriers and recipients must be documented. No life-safety delivery claim without field validation.",future
local-radio-modes,p2p,"Bluetooth-only and local Wi-Fi sharing","Future native clients shall offer explicit Bluetooth-only and local Wi-Fi-only sharing modes as well as automatic transport selection, carrying the same authenticated Taskyon logical messages and encrypted cache records without requiring cellular or Internet connectivity.",planned,network,adapter,,,future,"Constellation product decisions;https://developer.android.com/develop/connectivity/bluetooth;https://developer.android.com/develop/connectivity/wifi/wifi-direct;https://briarproject.org/how-it-works/","Local Wi-Fi includes LAN and device-to-device options where supported. Strict offline modes must not fall back to cellular, Internet relays, or later upload without an explicit policy change. Discovery, pairing, MTU, permissions, Android background limits, battery cost, supported hardware, and multi-hop routing require device-level validation. No claim of Bluetooth Mesh interoperability follows from using Bluetooth links.",future
long-range-radio-adapters,p2p,"Optional long-range radio links","The transport-independent mesh envelope may later support explicit external long-range radio adapters such as LoRa or other locally permitted sub-GHz hardware for low-rate store-and-forward traffic, without changing location, chat, or authorization semantics.",planned,network,adapter,,,future,"Constellation product decisions;Taskyon:proposals/p2p-network.md","No specific band, range, throughput, or off-the-shelf phone support is promised. Fragmentation, replay protection, power use, device support, and regional spectrum and duty-cycle rules require a separate design and field review before implementation.",future
peer-reliability-isolation,p2p,"Peer reliability and abuse isolation","Future routing and caching shall maintain local, decaying, role-specific reliability scores from directly observed delivery, availability, and protocol behavior; cryptographically demonstrable invalid messages or grant violations may trigger immediate local quarantine, while mere silence or poor radio links affect route preference rather than proving malice.",planned,network,native,,,future,"Constellation product decisions;https://github.com/libp2p/specs/blob/master/pubsub/gossipsub/gossipsub-v1.1.md","Do not accept self-reported capacity or unverified accusations as reputation evidence, or publish a global blacklist. Bound scoring by identity/role, resist churn and Sybil abuse with admission and quotas, allow decay and recovery, and keep alternative routes and redundant cache holders so excluding one peer does not partition the group. No scoring system can reliably distinguish intentional packet loss from an intermittent link or guarantee quick global removal of an attacker.",future
tor-transport-study,p2p,"Optional Tor connectivity and anonymity study","Evaluate an optional Tor-routed Internet transport for native or headless Taskyon/Constellation peers and onion-hosted bootstrap or relay endpoints, with a strict privacy mode that prevents direct-path and ancillary-network fallbacks before promising anonymity.",planned,network,adapter,,,future,"Constellation product decisions;https://community.torproject.org/onion-services/overview/;https://support.torproject.org/tor-browser/security/using-tor-with-other-browsers/","Tor requires Internet and cannot replace disconnected Bluetooth or local Wi-Fi links. Browser WebRTC, DNS, bootstrap, map-tile requests and other direct traffic can reveal IP or link activity; simply adding a Tor proxy to the current browser app is not an anonymity guarantee. Evaluate metadata, identity/link correlation, timing, latency, Android integration, and failure behavior before choosing an implementation; end-to-end encryption remains necessary.",future
encrypted-mesh-chat,messaging,"Taskyon-compatible encrypted mesh chat","A future Constellation chat shall use Taskyon's versioned messaging contracts, FRP streams and libp2p logical network to exchange authenticated end-to-end-encrypted one-to-one and group messages over direct, relayed and permitted offline transports, with separately consented bounded store-and-forward delivery.",planned,all,layered,,,future,"Constellation product decisions;Taskyon:proposals/p2p-network.md;https://briarproject.org/how-it-works/","Taskyon's current diagnostic P2P chat is not a production encrypted offline messenger. Generic message/envelope semantics belong upstream in Taskyon; Constellation keeps its UI and policy local. Chat needs per-conversation bounded message queues, expiry, deduplication, ordering and delivery state, not the latest-location-only cache; separate cache and read grants and metadata limits apply. Offline delivery is best-effort until field validated.",future
diagnostics-offline-mesh-security,diagnostics,"Offline-mesh security and resilience diagnostics","Future synthetic tests shall exercise Bluetooth-only and Wi-Fi-only isolation, disconnected cache-carrier handoff, cross-group read and forward grants, expiry and revocation during outages, peer quarantine and recovery, route diversity, and chat delivery without plaintext at blind caches.",planned,network,native,,,future,"Constellation product decisions;Taskyon:proposals/p2p-network.md","Include adversarial false accusations, identity churn, intermittent radio loss, duplicated records and reconnection with Internet; verify that an unauthorized receiving group cannot decrypt carried locations and that a single bad relay does not disable an otherwise viable route. Physical-device and terrain tests are required for range and Android background behavior.",future
map-first-ui,ui,Map-first single screen,"The map shall fill the space above a compact transparent bottom row with subdued own-location and P2P state plus separate Sharing and Seeing controls around a small expander; the expanded orange Add location and Share location buttons may float above the row without a panel divider, while map zoom, orientation, and attribution controls stay clear of them. First acquired GPS uncertainty shall be framed once without overriding manual panning.",implemented,web,local,src/views/MapView.vue;src/components/LocationMap.vue;src/components/ShareSheet.vue;src/components/ShareReadySheet.vue;src/styles.css,tests/map-ui.spec.ts navigation and attribution checks passed in desktop and mobile projects;yarn typecheck;native visual check pending;tests/map-ui.spec.ts fixed viewport and wordmark alignment (.github/workflows/ci.yml browser-regression),web-preview,Constellation product decisions,"The compact transparent dock keeps location and connection status subdued; expanded orange actions float over the map without changing its viewport. MapLibre navigation and attribution lift above those actions while expanded, and attribution returns to the map's lower-right edge when folded. Browser geometry checks passed at 430x860 and 320x640 in desktop and mobile emulation; native visual acceptance remains pending. The planned 0.1.1 unified-peer-list replaces separate Sharing and Seeing list destinations with a common peer list and direction filters; current dock/layout evidence describes the delivered 0.1 interface.",0.1
minimal-navigation,ui,Minimal navigation,"The initial app shall keep the map, active shares, link creation, viewer management, and diagnostics reachable without introducing a broad dashboard.",implemented,all,local,src/views/MapView.vue;src/components/ShareSheet.vue;src/components/ShareReadySheet.vue;src/components/ShareListSheet.vue;src/components/FollowingSheet.vue;src/components/DiagnosticsSheet.vue;src/diagnostics/sessionLog.ts;src/components/SharingDiagnosticsSheet.vue,tests/share-flow.spec.ts;tests/p2p-share.spec.ts desktop,web-preview,Constellation product decisions,"The icon-only menu exposes map styles, link entry, following, About, build/browser Diagnostics, P2P diagnostics, and Copy logs; map controls expose source shares and QR reopening. Connected viewer-device management is exposed through the active-share sheet. Runnable sharing diagnostics are reachable from Diagnostics.",0.1
build-browser-diagnostics,diagnostics,Build and browser diagnostics,"The upper-left menu shall offer app version, commit, build timestamp in UTC and local time, and browser environment details, with a copy action that excludes location and P2P session data.",tracked,all,local,src/views/MapView.vue;src/components/DiagnosticsSheet.vue;src/diagnostics/buildInfo.ts;vite.config.ts;src/env.d.ts;scripts/build-flatpak.sh;packaging/flatpak/space.taskyon.constellation.yml;src/components/SharingDiagnosticsSheet.vue,src/diagnostics/buildInfo.test.ts;yarn test (.github/workflows/ci.yml quality);tests/share-flow.spec.ts browser regression (.github/workflows/ci.yml);scripts/flatpak-manifest.test.mjs,0.1,Constellation product decisions,"Vite embeds version, commit, and build time for browser and native builds. The Flatpak source omits .git, so scripts/build-flatpak.sh forwards the host commit into the offline Flatpak build. The copied report includes browser and display details but excludes location and P2P session information. A Run sharing diagnostics action opens the separate executable suite; the original build/browser copy report remains separate.",0.1
system-theme,ui,"Automatic light and dark theme","Constellation shall provide Taskyon-aligned light and dark palettes, use the operating-system color-scheme preference by default, and react when that system preference changes.",implemented,all,local,"src/styles.css;src/components/LocationMap.vue;src/map/pmtiles.ts","tests/share-flow.spec.ts;tests/map-ui.spec.ts;yarn lint",web-preview,"Constellation product decision;Taskyon:frontend/src/boot/brand-colors.ts;Syncpeer:packages/app/src/lib/styles/tokens.css","The primary and accent colors already match Taskyon and Syncpeer; the light/dark neutral and map background tokens now match their established palettes. MapLibre vector colors update with the system scheme; browser checks cover live scheme changes and token values, but native map repaint still needs a direct visual check.",0.1
maplibre-component,maps,Location map component,"Constellation shall render own and followed locations with the same zoom-dependent uncertainty-area fallback: render one area while its screen radius exceeds the marker radius, otherwise one dot at the published area center; restore the area on zoom-in. Dot and area use the same assigned location color, including stale state. Preserve disclosure uncertainty, selection and camera bounds.",tracked,ui,local,src/views/MapView.vue;src/components/LocationMap.vue;src/location/mapModel.ts;src/map/pmtiles.ts;src/diagnostics/sessionLog.ts,"src/location/mapModel.test.ts own/peer threshold, zoom restoration and color/state tests;yarn test (.github/workflows/ci.yml quality);tests/sharing-diagnostics.spec.ts local marker diagnostic;packaged/native visual acceptance pending",web-preview,Constellation product decisions;Taskyon:frontend/packages/maplibre/src/TaskyonMap.vue,"Own and followed GPS accuracy and approximate areas share one screen-size threshold; no simultaneous area and center marker is rendered. The point represents a sub-marker-size uncertainty region, not a precise fix. Map fill, outline and point retain the assigned location color; freshness still controls area opacity. Browser and packaged-native visual acceptance remain pending. Planned 0.1.1 map-visual-clusters and map-oversized-uncertainty-panel extend this projection while preserving uncertainty and assigned member colors. Map representation must not be treated as proof of shared identity or group membership.",0.1
pmtiles-source,maps,Taskyon PMTiles source,The map shall use the configured Taskyon PMTiles archive and shall not silently contact a third-party raster-tile fallback.,implemented,ui,layered,src/map/pmtiles.ts;src/components/LocationMap.vue,tests/map-ui.spec.ts desktop;browser style-and-tile smoke;yarn typecheck;2026-09-29 desktop WebKit PMTiles range returned HTTP 206 after GIO module setup;scripts/map-worker.test.mjs in yarn test:scripts;yarn screenshots rendered-basemap capture in CI,web-preview,Taskyon:frontend/packages/maplibre/src/pmtiles.ts,"The local adapter uses only the Taskyon world archive. MapLibre generates labels from locally available fonts with no glyph endpoint. Archive and map errors show sanitized actual messages. The earlier desktop WebKit Load failed reproduction was caused by the Nix shell not exposing GLib's TLS module to GIO. With GIO_EXTRA_MODULES set in the shell, the same WebKit PMTiles range request returned HTTP 206 and the dev app showed no map error. Packaged desktop map behavior remains unverified. MapLibre GL JS 6 uses its version-matched ESM worker through Vite’s ?worker&url pipeline. The module bootstrap imports the Android compatibility layer before the worker in development and production; scripts/map-worker.test.mjs verifies the import order.",0.1
pmtiles-range-cache,maps,"On-demand PMTiles cache","Every successfully requested PMTiles byte range shall be retained through the Taskyon StorageClient range cache under a bounded LRU policy.",planned,storage,native,,,future,"Taskyon:frontend/packages/ui/gis/pmtilesStorageCache.ts","Deferred beyond 0.1. The 0.1 online map may fail to display uncached tiles while offline; location sharing does not depend on map tiles. No background area or whole-world prefetch is required.",future
pmtiles-offline-state,maps,"Offline map behavior","The app shall continue to render cached map ranges and location overlays while offline and shall visibly indicate unavailable uncached basemap data.",planned,ui,layered,,,future,"Constellation product decisions","Deferred beyond 0.1. Location exchange and collection do not depend on map-tile availability; the 0.1 map needs network access for uncached basemap ranges.",future
vue-vite-app,build,"Vue and Vite web app","The web application shall use Vue 3, Vite, TypeScript, Vue Router, and small local UI components without importing the full Quasar application stack.",implemented,build,local,"package.json;vite.config.ts;src/main.ts;src/router.ts;src/App.vue","yarn typecheck;yarn build;tests/share-flow.spec.ts",foundation,"Taskyon:frontend/package.json;Constellation product decisions","The browser shell builds without Quasar; Tauri embedding and the shared Taskyon configuration package remain separate planned requirements.",0.1
browser-foreground-sharing,build,"Foreground browser source and viewer","Modern mobile and desktop browsers shall create and view shares while the page remains active, and shall clearly report that publication may stop when the browser suspends or closes the page.",tracked,web,local,"src/location/browser.ts;src/sharing/sharingRuntime.ts;src/views/MapView.vue","src/location/browser.test.ts;tests/share-flow.spec.ts desktop and mobile;tests/p2p-share.spec.ts desktop;.github/workflows/ci.yml quality and browser-regression",web-preview,"Constellation product decisions","Ordinary map startup requests own geolocation; incoming browser preview now defers GPS until Keep following, Center on me, or Share location. Saving precedes optional GPS acquisition so denial does not block following. Foreground source publication remains subject to browser suspension; mobile browser acceptance remains pending.",0.1
hosted-web-deployment,build,Hosted static web app,"The standalone Constellation repository shall publish its main branch through GitHub Pages using GitHub Actions to https://constellation.taskyon.space with public access, SPA fallback, and share fragments preserved entirely on the client.",tracked,web,local,.github/workflows/ci.yml;package.json;scripts/prepare-pages.mjs;scripts/prepare-pages.test.mjs;scripts/pages-preflight.mjs;scripts/browser-environment.mjs;src/router.ts;README.md,scripts/prepare-pages.test.mjs;yarn test:pages local Pages preflight (.github/workflows/ci.yml browser-regression);scripts/github-workflows.test.mjs asserts Pages workflow;owner-confirmed hosted deployment (2026-10-03),0.1,Constellation product decisions,"The main GitHub Actions CI workflow runs quality and browser regression first, then builds and uploads dist with the official GitHub Pages actions and deploys only from main. build:pages runs the production build with the public URL and prepare-pages; test:pages validates the SPA fallback, root-host assets, baked public URL, map assets, and App Links consistency, then serves the built artifact through a Pages-like static server and checks app boot, unknown-path fallback, a schema-valid share fragment surviving reload with peer WebSockets blocked, and that the fragment never reaches the server. Live P2P acceptance is covered separately by local-relay browser regressions. The browser-regression job builds vendored packages before Playwright so the local relay and Vite can import them. GitHub Pages deployment and the public hosted app were confirmed working by the repository owner on 2026-10-03. ANDROID_APP_LINK_SHA256 is read from a GitHub Actions secret when present.",0.1
github-native-release-builds,build,GitHub native release builds,"Release 0.1 shall use a GitHub Actions workflow that builds the signed Android release and Linux Tauri AppImage and Flatpak packages from a tagged, reviewed source revision, validates the artifacts, and uploads the resulting packages and checksums to that GitHub release without exposing signing material to pull-request jobs.",implemented,build,local,.github/workflows/release.yml;flake.nix;scripts/publish-github-release.sh;scripts/build-android-release.sh;scripts/build-appimage.sh;scripts/build-flatpak.sh;docs/DEVELOPMENT.md,scripts/github-workflows.test.mjs Flatpak runner elfutils prerequisite; scripts/build-flatpak.test.mjs Nix Flatpak environments provide elfutils;job-level release commands;first tagged GitHub workflow run pending;scripts/github-workflows.test.mjs screenshot dependency and PNG release validation,0.1,Constellation product decisions,"The tagged workflow follows Syncpeer's release pattern: validate the tag against package.json and Tauri versions, build AppImage, Flatpak, and the signed arm64 APK in separate jobs, merge artifacts, generate SHA256SUMS, then publish one GitHub Release. Prerelease suffixes such as v0.1.0-test.1 are allowed without changing the application version and publish as GitHub prereleases. Android signing uses protected repository secrets ANDROID_KEYSTORE_BASE64, ANDROID_KEYSTORE_PASSWORD, ANDROID_KEY_ALIAS, and ANDROID_KEY_PASSWORD; release jobs run only for tags so signing material is never exposed to pull-request CI. The workflow is implemented and its owning build commands are locally exercised; README points users to the latest and complete GitHub Releases pages and documents the Android, AppImage, Flatpak, and checksum assets. The first real tagged run remains deployment evidence. The GitHub Actions runner and Nix Flatpak build environments include elfutils, which provides eu-strip required by Flatpak Builder final module processing; focused regression tests guard both dependency declarations. The next tagged run is still needed to confirm the complete hosted build. The workflow is named Build and Publish Apps. Tagged-source welcome, share-settings and fictional Following browser screenshots are mandatory release assets; PNG uploads use image/png. Screenshot publication awaits the next tagged run. The v0.1.0-test.6 Flatpak log identified a missing eu-strip executable; the release runner and Nix build environment now include elfutils. The focused workflow and Nix dependency checks pass; a new tagged run is still needed to verify the hosted release build.",0.1
github-actions-log-download,build,Local GitHub Actions log capture,"Maintainers shall use their own GitHub CLI authentication to save the latest completed run of every GitHub Actions workflow, or an explicit run, with separate full raw job logs and run metadata in a repository-local ignored folder.",tracked,build,local,.gitignore;scripts/download-ci-logs.sh;scripts/download-ci-logs.mjs;docs/DEVELOPMENT.md,"scripts/download-ci-logs.test.mjs through yarn test:scripts in the regular CI quality job;synthetic paginated GitHub API and fake gh executable fixtures verify --job, --attempt and --log usage",0.1,Constellation CI maintenance,"Discovery uses the GitHub workflows API with pagination and explicit repository yeus/constellation; managed workflows are included when exposed by that API. Latest completed runs are selected across branches and tags without filtering failures. Captures pin attempts, paginate jobs, and retrieve each complete job log with `gh run view --job --attempt --log`. This avoids the short-lived redirect used by the REST job-logs endpoint. Files refresh atomically, record skipped or unavailable jobs, preserve older captures, and return nonzero on partial download failures. Newer active runs and workflows without completed runs are reported. Outputs and latest.json inventory remain ignored under .ci-logs. Requires Node.js 22 and the user local gh authentication; live authenticated downloads have not been run by the assistant. Review raw logs for private data before sharing.",0.1
quality-workspace-build-order,build,GitHub Actions quality build order,The Quality job shall build generated workspace packages before typechecking and linting code that imports their exported dist files.,tracked,build,local,.github/workflows/ci.yml;package.json;vendor/taskyon/protocol/package.json;vendor/taskyon/p2p-core/package.json;scripts/github-workflows.test.mjs,scripts/github-workflows.test.mjs;yarn test (.github/workflows/ci.yml Quality),0.1,Constellation CI reliability,"A clean checkout has no built dist outputs for the local protocol and p2p-core workspaces, while their package exports point to dist. The Quality job therefore builds both vendor packages before lint; the workflow regression test enforces that order.",0.1
web-installability,build,"Installable web app","The web build shall be installable as a secure-context PWA while stating that browser background location is not reliable after suspension.",planned,web,local,,,web-preview,"Constellation product decisions","Foreground browser sharing is the supported web guarantee.",post-1.0
tauri-desktop-shell,desktop,"Usable Tauri desktop application","Release 0.1 shall provide the shared Vue map and foreground location-sharing UI as a usable Tauri desktop application for supported Linux desktops; Android foreground-service controls shall remain unavailable on desktop rather than being presented as supported.",implemented,desktop,adapter,"src-tauri;src/location/platform.ts;src/location/platform.test.ts;src-tauri/capabilities/desktop.json","yarn test:unit;cargo check --manifest-path src-tauri/Cargo.toml;yarn tauri dev;nix run .#build-desktop-release-appimage and extracted payload launch smoke;2026-09-29 dev Tauri WebKit browser-source hosted-relay preview and source-presence smoke;packaged desktop sharing pending",0.1,"Tauri desktop platform requirements;Constellation product decisions","Desktop capability selection is explicit and desktop Tauri uses WebView browser geolocation instead of loading the mobile-only plugin. The clean Nix FHS-built AppImage payload launched and stayed alive through a 15-second sandbox virtual-display smoke. The Nix-shell Tauri development app received a live browser share over the hosted relay, displayed its location and counted one viewer at the source on 2026-09-29. This was a preview with protected desktop storage unavailable in the sandbox; packaged AppImage/Flatpak sharing, saved-follow recovery, and standalone host launcher behavior still need verification.",0.1
desktop-linux-distribution,build,Linux desktop distribution,"Release 0.1 shall produce a distributable Linux AppImage and a Flatpak package with Flathub-compatible metadata, icons, sandbox permissions, architecture declarations, and reproducible build commands.",implemented,desktop,adapter,flake.nix;vite.config.ts;src-tauri/tauri.conf.json;packaging/flatpak;packaging/flatpak/generated-sources.json;packaging/flatpak/cargo-sources.json;packaging/flatpak/screenshots;scripts/build-appimage.sh;scripts/copy-desktop-artifact.mjs;scripts/build-flatpak.sh;scripts/build-flatpak.test.mjs;scripts/flatpak-manifest.test.mjs;scripts/flatpak-submission-manifest.mjs;scripts/flatpak-submission-manifest.test.mjs;scripts/flatpak-lint.mjs;package.json;README.md,scripts/build-appimage.test.mjs;scripts/copy-desktop-artifact.test.mjs;scripts/build-flatpak.test.mjs;scripts/flatpak-submission-manifest.test.mjs;yarn lint:flatpak;appstreamcli validate --no-net packaging/flatpak/space.taskyon.constellation.metainfo.xml;2026-10-01 sandbox AppImage rebuild and extracted-payload Xvfb window smoke;2026-09-29 sandbox Flatpak bundle build;Flatpak rebuild blocked in this container because flatpak-builder bubblewrap cannot mount /proc;scripts/github-workflows.test.mjs release-job checks;scripts/flatpak-manifest.test.mjs verifies every Yarn registry locator; yarn lint:flatpak,0.1,Tauri desktop distribution requirements;Constellation product decisions,"The release commands are yarn build:desktop:release:appimage and yarn build:desktop:release:flatpak. The AppImage rebuilt on 2026-10-01 after excluding a broken sandbox-local nix-store wrapper from PATH; its extracted payload created a 430x860 Constellation window under Xvfb, though the AppImage runtime itself cannot be executed in this container. The Flatpak manifest is configured for offline builds: build-time network was removed, Yarn and Cargo dependency sources are pinned with checksums in generated-sources.json and cargo-sources.json, the Yarn CLI is pinned as a source file, GNOME Platform 51 is selected, the Flatpak grants org.freedesktop.secrets for the existing Linux protected-state backend, MetaInfo carries 0.1.0 release metadata and a repository-hosted screenshot, and scripts/flatpak-submission-manifest.mjs produces a visibly marked review draft pinned to a release tag and commit. yarn lint:flatpak runs the manifest/MetaInfo checks and appstreamcli validation; flatpak-builder-lint is not available. Remaining external work: independently author the final Flathub manifest against the real v0.1.0 release tag/commit as required by current Flathub AI policy, build and lint the bundle on a Flatpak-capable host, and complete live-sharing, Secret-Service, visual, signing, additional-architecture, and publication acceptance. The row stays implemented because release builds are not recurring CI coverage. The release workflow installs Node dependencies before nix run .#build-desktop-release-appimage, and the Flatpak manifest runs the pinned Yarn CLI as yarn-4.16.0.cjs so the repository's ESM package type cannot break its CommonJS dynamic requires. The plugin import uses the ./flatpak-node/flatpak-yarn.js path because Yarn otherwise parses the argument as a package locator. The Yarn build setup converts the pinned registry tarballs to Berry cache archives before installing, with Yarn using that same global cache directory. Yarn Classic is needed only if the lockfile gains a Yarn Classic Git dependency; the converter reports this requirement clearly. The cache path and command order have focused regression coverage. The full Flatpak bundle is still unverified in this sandbox because bubblewrap cannot mount /proc; rerun it on a Flatpak-capable host before treating the package build as confirmed. The 2026-10-03 hosted Flatpak job failed during the offline Yarn install, before flatpak-builder ran, because four MapLibre GL 6.4.1 package sources were missing from generated-sources.json. The cache has been regenerated from yarn.lock and the new source-coverage check passes locally. On 2026-10-04, the @lucide/vue and jsqr dependency update also added their pinned npm tarballs and SHA-512 checksums to generated-sources.json; yarn test:scripts and yarn lint:flatpak pass. A Flatpak-capable hosted run still needs to confirm the complete package build.",0.1
release-version-consistency,build,Consistent cross-platform release versions,"Each release shall keep the canonical application version synchronized across maintained package, Tauri, Cargo, Cargo lock, and Flatpak AppStream metadata, and tagged-release CI shall reject stale metadata or a mismatched tag.",tracked,all,local,package.json;scripts/release.mjs;src-tauri/tauri.conf.json;src-tauri/Cargo.toml;src-tauri/Cargo.lock;src-tauri/plugins/constellation-android/Cargo.toml;packaging/flatpak/space.taskyon.constellation.metainfo.xml;vite.config.ts;src-tauri/gen/android/app/build.gradle.kts;.github/workflows/release.yml;docs/DEVELOPMENT.md,"scripts/release.test.mjs isolated Git fixture checks consistency, drift detection, dry run, dirty-tree refusal, synchronized metadata, AppStream history preservation and annotated tag creation;yarn test:scripts;node scripts/release.mjs --check in .github/workflows/release.yml tag validation",foundation,Constellation product decisions,"package.json is the canonical application version. The release script updates maintained copies and records each Flatpak AppStream release without deleting history. Vite embeds the package version in browser build metadata, and AppImage and Flatpak artifact names derive from it. The Tauri CLI regenerates Android versionName and versionCode in ignored tauri.properties during Android builds, deriving them from the configured application version. For a higher version, the script creates a local release commit and annotated tag after confirmation. To tag the already-current version, it adds an annotated tag to the clean current commit. It prints a push command but does not push.",0.1
tauri-shell,android,"Usable Tauri 2 Android application","Release 0.1 shall package the shared Vue map and sharing UI as an installable Tauri 2 Android application, with working link and QR flows, foreground viewing and sharing, Android permission handling, and access to the required background-sharing controls; Android-only location, key, socket, notification, and service behavior shall remain behind native adapters.",implemented,android,adapter,"src-tauri;src/android/backgroundSharing.ts;src/location/android.ts;src/location/platform.ts;src/platform/deepLinks.ts;.env.tauri","yarn test:android:config;Android x86_64 debug APK build;managed API 36 native location smoke and API 29/36 Android/browser two-peer sharing flows",0.1,"Constellation product decisions","The Tauri frontend, MapLibre worker, and hidden background-sharing runtime must target syntax and required built-ins compatible with the declared Android 10 / API 29 minimum instead of relying on a newer replacement WebView. The owned LocationManager adapter produced a one-shot fix and streamed watch event on API 36. The rebuilt APK exchanged Android background-service locations with a browser after the Activity went home on API 29 and 36; locked-screen update, viewer presence, private return-offer acceptance with received location, process-restart recovery, revocation, and shared-text intake passed on API 36. The managed suite now also passes on an API 29 AOSP/no-GMS image through background sharing, browser interoperability, lock/wake handling, reciprocal return sharing and revocation, and separately verifies permission denial fails closed. Physical-device and release-signing evidence remain pending. Hosted App Links remain pending.",0.1
android-foreground-service,android,"Background location foreground service","Explicitly started Android sharing shall continue collection and publication in a foreground service with a persistent status notification and stop action.",implemented,android,adapter,"src-tauri/plugins/constellation-android/android/src/main/java/space/taskyon/constellation/plugin/LocationShareService.kt;src-tauri/plugins/constellation-android/android/src/main/java/space/taskyon/constellation/plugin/ShareNotification.kt;src/android/backgroundEntry.ts","container yarn build:android:debug:x86_64-emulator;container node scripts/test-android-managed.mjs --skip-build (API 29/36 Activity-home and locked-screen update);full managed matrix and focused smokes re-pass (API 29/36, 2026-10-01);yarn test:android:managed final hosted-relay 13-check matrix (2026-10-05: all passed; scoped no-GMS excludes process restart/shared-text)",0.1,"Constellation product decisions","The current debug APK passed managed API 29 and 36 Activity-home background publication and a fresh synthetic-location update while the screen was locked. The service compiles with its persistent notification and stop action. Managed API 36 notification acceptance verifies the notification record contains the Stop sharing PendingIntent and targeted SystemUI automation stops the service through that action. Physical-device battery evidence remains pending. The managed matrix and focused smokes exercise this acceptance and re-passed on 2026-10-01, but they are not part of the regular CI runner, so this row remains implemented rather than tracked.",0.1
android-runtime-handoff,android,"Single network-session owner","An Android source share shall be owned by the foreground service from creation until stop or expiry; the Activity shall remain a controller/view and shall not create a competing source peer when foreground or background state changes.",implemented,android,adapter,"src/android/backgroundSharing.ts;src/android/backgroundEntry.ts;src/views/MapView.vue;src-tauri/plugins/constellation-android/android/src/main/java/space/taskyon/constellation/plugin/LocationShareService.kt;src-tauri/plugins/constellation-android/android/src/main/java/space/taskyon/constellation/plugin/EncryptedShareStore.kt","src/android/backgroundSharing.test.ts;container yarn build:android:debug:x86_64-emulator;container node scripts/test-android-managed.mjs --skip-build (API 29/36 force-stop/reopen recovery);managed --foreground-only-smoke;managed --service-restart-smoke;full managed matrix and focused smokes re-pass (API 29/36, 2026-10-01)",0.1,"Constellation product decisions","All Android outgoing source links, foreground-only or background, now use one service-owned runtime and persisted source identity. Existing UI-owned source grants migrate to the service's Android-Keystore-encrypted store; the UI receives a fresh distinct identity so it does not run the same PeerId concurrently. Managed API 36 acceptance verifies foreground-only publication pauses when the app hides, stops the foreground service/notification, and resumes the same share identity when the Activity returns; background links keep the service active. Managed API 29 and 36 force-stop/reopen recovery keeps the same active background share and viewer reconnection, while API 36 START_STICKY process-death acceptance creates a replacement service process before the Activity reopens. Physical-device verification remains pending. The managed matrix and focused smokes exercise this acceptance and re-passed on 2026-10-01, but they are not part of the regular CI runner, so this row remains implemented rather than tracked.",0.1
android-sharing-recovery,android,"Background restart recovery","The foreground service shall protect its peer identity and grants and recover after process recreation, network change, or Android service restart without extending the original expiry.",implemented,android,adapter,"src-tauri/plugins/constellation-android/android/src/main/java/space/taskyon/constellation/plugin/LocationShareService.kt;src-tauri/plugins/constellation-android/android/src/main/java/space/taskyon/constellation/plugin/EncryptedShareStore.kt;src/android/backgroundEntry.ts;src/sharing/sharingRuntime.ts","container yarn build:android:debug:x86_64-emulator;container node scripts/test-android-managed.mjs --skip-build (API 29/36 force-stop/reopen background share and viewer reconnect);managed --service-restart-smoke;managed --reboot-smoke;managed --power-network-smoke;managed --expiry-smoke;full managed matrix and focused smokes re-pass (API 29/36, 2026-10-01);yarn test:android:managed final hosted-relay 13-check matrix (2026-10-05: all passed; scoped no-GMS excludes process restart/shared-text)",0.1,"Constellation product decisions;Android Service API","The service now stores the complete source runtime state encrypted with an Android Keystore AES-GCM key and uses START_STICKY recovery to restore the same peer identity, grants, blocked viewers, labels, and absolute expiry. Unreadable protected state fails closed instead of silently replacing the identity. Android restarts restore background grants; foreground-only grants pause while hidden and restore when the app returns. Managed API 29 and 36 tests passed force-stop/reopen recovery of an active background share and viewer reconnection without a new link. API 36 process-death acceptance now verifies START_STICKY creates a new app process and foreground service before the Activity is reopened, then preserves the same protected share ID and original absolute expiry. Managed emulator acceptance also covers full reboot with app-open recovery, expiry-driven shutdown, and airplane-mode loss/recovery while the share remains active. Physical-device reliability remains unverified; real-world connections are reserved for RC1 testing. The managed matrix and focused smokes exercise this acceptance and re-passed on 2026-10-01, but they are not part of the regular CI runner, so this row remains implemented rather than tracked.",0.1
android-network-power-policy,android,"Network and power policy","Background sharing shall expose understandable battery and metered-network policy while preserving the user's explicit active-share intent and expiry.",tracked,android,adapter,"src/shareDraft.ts;src/sharing/sharePolicy.ts;src/components/ShareSheet.vue;src/views/MapView.vue;src/components/ShareListSheet.vue;src/components/NetworkDiagnosticsSheet.vue;src/android/backgroundSharing.ts;src/android/backgroundEntry.ts;src-tauri/plugins/constellation-android/android/src/main/java/space/taskyon/constellation/plugin/LocationShareService.kt;src-tauri/plugins/constellation-android/android/src/main/java/space/taskyon/constellation/plugin/ConstellationAndroidPlugin.kt;src-tauri/gen/android/app/src/main/AndroidManifest.xml","src/shareDraft.test.ts;src/sharing/sharePolicy.test.ts;src/android/backgroundSharing.test.ts;src/sharing/privateStore.test.ts;scripts/product-policy.test.mjs;yarn test (.github/workflows/ci.yml quality);scripts/test-android-managed.mjs --metered-policy-smoke, --restricted-start-smoke and --power-network-smoke (managed API 36, 2026-10-02)",0.1,"Android platform policy;Constellation product decisions","Each background link carries a Balanced (five-second/five-metre) or Battery saver (thirty-second/twenty-five-metre) preset and an optional pause on metered/Data Saver, defaulting to always. Pausing is enforced per link in the shared runtime: only links whose own policy opted in stop publishing while the native service reports a metered or Data Saver restriction, while always links keep updating. The service samples at the strictest active requirement (balanced if any publishing link needs balanced; saver only when every publishing link accepts it) and reports the restriction, per-link pause state, and sampling to the status, notification, and diagnostics. Managed API 36 acceptance runs a balanced/always link beside a saver/pause link, verifies the opted-in link pauses while the other keeps publishing, verifies honest partial-pause notification text, verifies automatic resume with the same share identity and expiry, verifies saver sampling after the balanced link is revoked, and verifies a foreground-only link cannot retain hidden background policy. The hidden runtime starts with an unknown restriction and fails closed for pause-when-metered links until the native network state arrives, so starting or restoring while already restricted never publishes a restricted link; --restricted-start-smoke covers both start and START_STICKY restart under an active restriction. The one-shot refresh still times out after twenty seconds; Doze remains a best-effort delay because it cannot be paused or resumed deterministically.",0.1
android-permission-flow,android,"Android location permissions","The app shall explain foreground and background location permission separately, degrade safely when either is denied, and never infer consent from Space membership or a prior share.",implemented,android,local,"src/location/android.ts;src/location/platform.ts;src-tauri/capabilities/mobile.json;src-tauri/gen/android/app/src/main/AndroidManifest.xml;src-tauri/plugins/constellation-android/android/src/main/java/space/taskyon/constellation/plugin/ConstellationAndroidPlugin.kt","src/location/android.test.ts;src/location/platform.test.ts;src/android/backgroundSharing.test.ts;yarn test:android:config;scripts/test-android.mjs foreground and background location grants;scripts/test-android-managed.mjs --permission-denial-smoke",0.1,"Android platform policy;Constellation product decisions","Foreground location accepts either fine or coarse Android grants and never starts WebView fallback after a denial or disabled device location. If the permission prompt rejects, the owned adapter rechecks OS permission before classifying it. Share creation requests foreground location after the user action. On Android 13 and newer the native adapter requests notification permission and rejects that start attempt with exact retry guidance, preventing a location foreground service from starting before its notification is allowed. The share sheet explains the all-the-time requirement; if background access is absent, the adapter opens app settings and gives exact return instructions. Managed API 36 denial automation now verifies location denial fails closed without starting background sharing. A dedicated rationale screen and physical-device coarse-only evidence remain pending.",0.1
android-release-workflow,android,Android build and release workflow,"The repository shall provide reproducible Tauri Android development, signed release, artifact-copy, emulator, and physical-device workflows with all publishable artifacts copied into dist.",planned,build,adapter,package.json;vite.config.ts;src-tauri/tauri.conf.json;scripts/with-android-build-tools.sh;scripts/with-android-build-tools.test.mjs;scripts/android-release-secrets.sh;scripts/sync-android-signing-secrets.sh;scripts/restore-android-keystore.sh;scripts/build-android-release.sh;README.md;scripts/copy-android-apk.mjs;scripts/android-emulator.mjs;scripts/test-android-managed.mjs;scripts/test-android.mjs;src-tauri,"yarn test:android:config;yarn test:scripts;scripts/android-release.test.mjs;scripts/android-release-secrets.test.mjs;scripts/copy-android-apk.test.mjs;scripts/with-android-build-tools.test.mjs;synthetic end-to-end signed arm64 release build (2026-10-01): release builder missing-secret fail-closed check; wrong key password, wrong alias, wrong store password and missing-password diagnostics; unsigned APK and failed-signature rejection; checksum sidecar matches; apksigner verified the synthetic certificate; temporary keystore and keystore.properties cleaned up;scripts/github-workflows.test.mjs release-job checks",0.1,Constellation product decisions,"Android build command names state mode and target: build:android:debug:x86_64-emulator, build:android:debug:arm64-device, and build:android:release:arm64-device. The convenience command build:android:release aliases the signed arm64 device release. Gradle automatically runs build:android:background-runtime to generate the embedded background-service JavaScript. The x86_64 emulator debug APK is verified and copied to dist/constellation-android-debug-x86_64.apk; Tauri frontend assets use dist-tauri so later package builds preserve dist artifacts. On Linux, normal release builds read Secret Service and validate a temporary copy of android_keystore_base64 when present, falling back to a temporary copy of the local keystore only when no backup exists. Missing or mismatched local files do not block a valid backup and are never implicitly restored or overwritten; the explicit android:signing:restore command validates the backup first and preserves any replaced local file in a private backup. If Secret Service is unavailable or locked, an interactive build offers unlock and retry while a noninteractive build fails. Fresh key creation is offered only after the store is reachable, no Constellation signing entries or local default keystore or signing environment values are found, and the user types CREATE. Existing identity evidence never triggers key creation. Existing local keystores and stored backups require their original store password, alias, and key password; incomplete lookups cannot silently fall back to a default alias. Explicit environment credentials remain supported. Before any signing-secret lookup, release validation checks for JDK 17 keytool and points a missing-tool user to Constellation's own nix develop shell rather than blaming the password. Before Gradle, release validation reports whether the keystore file is missing/unreadable, the store password cannot open it, the configured alias is absent (including aliases found), the alias is not a private-key entry, or the key password cannot unlock it. If the stored backup validates but the local file differs, the release signs from the backup only when the local file fails validation; two valid but byte-different keystore files are ambiguous and fail closed. Neither file is overwritten. Diagnostics also report whether local and stored backup files are byte-for-byte identical and whether ANDROID_KEYSTORE_PASSWORD overrides Secret Service. If backup validation fails, diagnostics name the specific alias or key-password entry where possible; a store-password failure lists android_keystore_password and android_keystore_base64 as candidates because the check cannot distinguish a wrong password from a damaged backup. Password values are not printed or passed in keytool command arguments. The build refuses to replace a mismatched existing keystore or keystore.properties, removes only temporary files it created, rejects unsigned artifacts, verifies the APK signature with Android build tools before copying, writes a matching SHA-256 sidecar, and copies the verified release APK to dist. A full synthetic JKS arm64 release build on 2026-10-01 passed signature verification, checksum comparison, and cleanup. The Android build-tools wrapper follows symlinked SDK version directories, matching the Nix Android SDK layout, with a regression that verifies the newest symlinked apksigner is selected. The real production signing identity, real-key build, completed tagged CI artifact-build evidence, and physical-device install/upgrade workflows remain pending. Signing credentials stay outside the repository. The release workflow uses android-actions/setup-android@v4, which skips the removed tools SDK package.",0.1
encrypted-at-rest,security,"Encrypted persisted private state","Approximation region state, share capabilities, viewer sessions, device identities, and background sharing requests shall be authenticated and encrypted before ordinary persistent storage.",implemented,all,native,"src/sharing/privateStore.ts;src/sharing/sharingRuntime.ts;src-tauri/plugins/constellation-android/android/src/main/java/space/taskyon/constellation/plugin/EncryptedShareStore.kt;src-tauri/plugins/constellation-android/android/src/main/java/space/taskyon/constellation/plugin/LocationShareService.kt","tests/p2p-share.spec.ts desktop;yarn test:android:config;nix develop --command yarn build:android:debug:x86_64-emulator;managed API 29/36 restart/reboot recovery",foundation,"Taskyon:frontend/policies/local-first-storage-and-security.md","Browser keys, grants, follows, and approximate-region control state use AES-GCM in IndexedDB with a non-extractable key in the same profile, not OS-backed protection. Android UI private state and the dedicated background-source runtime use separate AES-GCM keys protected by Android Keystore; persisted service status removes the live location observation while full live status remains process-memory-only. Managed API 29/36 restart tests, API 36 START_STICKY process-death recovery, and full reboot recovery verify native peer/share identity, grants, follow metadata, and absolute expiry survive through the protected stores. Browser storage remains profile-local rather than OS-backed, and physical-device locked-keystore behavior remains part of release acceptance.",0.1
secret-redaction,security,"Sensitive-data redaction","Exported logs, tests, crash reports, URLs, filenames, and CI artifacts shall exclude raw coordinates, bearer fragments, Space secrets, private peer addresses, recovery material, and real personal identifiers. A local diagnostics view may reveal peer IDs and addresses only after an explicit user action, without adding them to copied logs or durable status.",implemented,all,local,"src/diagnostics/sessionLog.ts;src/components/NetworkDiagnosticsSheet.vue;src-tauri/plugins/constellation-android/android/src/main/java/space/taskyon/constellation/plugin/LocationShareService.kt;src/views/MapView.vue","src/diagnostics/sessionLog.test.ts;tests/share-flow.spec.ts desktop;tests/p2p-share.spec.ts desktop debug view",foundation,"Taskyon:AGENTS.md","The UI session log accepts controlled event codes and redacts secrets before clipboard export. The P2P diagnostics panel hides peer IDs and addresses by default; reveal is local and warns about screenshots. Android's persisted background status removes the diagnostics snapshot. This does not yet audit every third-party console message, native service log, diagnostic artifact, or free-form error text.",0.1
authorization-before-data,security,"Authorization before location access","Every live location or presence request shall validate the exact grant, sensor, scope, operation, expiry, and resource limits before reading or subscribing to data.",tracked,core,native,"src/sharing/shareAuth.ts;src/sharing/sharingRuntime.ts;src/sharing/shareProtocol.ts","src/sharing/shareAuth.test.ts;src/sharing/shareProtocol.test.ts;yarn test (.github/workflows/ci.yml quality)",foundation,"Taskyon:frontend/policies/protocols-and-runtime-boundaries.md","Sensor describe and subscribe reject requests until nonce-bound HMAC redemption succeeds; share existence, expiry, capacity, peer identity, session identifier, and location sensor scope are checked before data access.",0.1
revocation-limit,security,"Revocation limitation","The UI shall explain that revocation prevents future authorized retrieval but cannot erase coordinates already observed, copied, photographed, or retained by a recipient.",tracked,ui,local,"src/components/AboutSheet.vue","scripts/product-policy.test.mjs;yarn test (.github/workflows/ci.yml quality)",web-preview,"Taskyon:proposals/spaces-devices-and-peer-services.md","No client-side control can enforce deletion after plaintext has been displayed.",0.1
protocol-versioning,security,"Protocol negotiation and evolution","Location, share, and transport contracts shall use explicit versions and reject unsupported required semantics without silently widening access; generic sensor negotiation is a later extension.",tracked,protocol,native,"Taskyon:frontend/packages/protocol/src/index.ts;Taskyon:frontend/packages/protocol/src/sensor.ts;src/sharing/shareProtocol.ts;src/sharing/shareLink.ts;src/location/locationObservation.ts","Taskyon:@taskyon/protocol strict command/stream schema regression;src/sharing/shareProtocol.test.ts;src/sharing/shareLink.test.ts;src/location/locationObservation.test.ts;yarn test (.github/workflows/ci.yml quality)",foundation,"Taskyon:frontend/policies/protocols-and-runtime-boundaries.md","Taskyon's protocol builder now preserves caller-owned strict Zod object policies when it adds command and stream envelope fields, so unknown required semantics are rejected instead of silently stripped. Constellation's location profile, bearer-link schema, share service, sensor service, and libp2p stream protocol carry explicit independent versions. Generic cross-version sensor negotiation remains a future extension rather than a 0.1 requirement.",0.1
diagnostics-browser-relay,diagnostics,"Browser direct and relay diagnostics","Focused diagnostics shall prove browser peers exchange authorized location observations through a disposable local relay, and directly when possible. A small in-app P2P diagnostics page shall show connected transports, peer roles, and source-fix age for foreground and Android background peers, with explicit reveal of sensitive IDs and addresses.",tracked,all,native,"src/sharing/browserPeer.ts;src/sharing/sharingRuntime.ts;src/android/backgroundEntry.ts;src/android/backgroundSharing.ts;src/components/NetworkDiagnosticsSheet.vue;src/diagnostics/sessionLog.ts;scripts/e2e-relay.mjs;playwright.config.ts;tests/p2p-share.spec.ts","src/sharing/browserPeer.test.ts;src/diagnostics/sessionLog.test.ts;yarn test (.github/workflows/ci.yml quality);tests/p2p-share.spec.ts desktop relay and WebRTC diagnostics (.github/workflows/ci.yml browser-regression)",web-preview,"Taskyon:frontend/packages/tycli/src/diagnostics/tests/test_p2p_discovery.ts","The in-app panel shows role, transport, direction, status, connection age, last-fix age, and Android background viewer count. Raw IDs and addresses are hidden until reveal; copied logs record only redacted state and transport-count changes. The regular desktop browser regression exercises the disposable relay, confirms an upgraded WebRTC peer connection, checks role/session diagnostics, and verifies that peer IDs and addresses stay hidden until explicit reveal. Hosted-relay Android and adverse-network acceptance are tracked separately.",0.1
diagnostics-share-links,diagnostics,"Share-link security diagnostics","Tests shall cover URL-fragment secrecy, preview fetches, explicit acceptance, multi-session capacity, expiry, whole-link and per-session revocation, and heartbeat presence.",tracked,web,layered,"src/sharing/shareLink.test.ts;src/sharing/shareAuth.test.ts;src/sharing/sharingRuntime.test.ts;tests/share-flow.spec.ts;tests/p2p-share.spec.ts","yarn test (.github/workflows/ci.yml quality);tests/share-flow.spec.ts and tests/p2p-share.spec.ts desktop (.github/workflows/ci.yml browser-regression)",web-preview,"Constellation threat model","Fragment-only encoding and request inspection cover preview secrecy; malformed/expired rejection and proof binding use synthetic unit inputs. The regular browser regression covers explicit acceptance, one-viewer capacity rejection, multi-viewer admission, whole-link and viewer-device revocation, and live heartbeat presence; the unit lifecycle check covers heartbeat timeout classification.",0.1
diagnostics-location-approximation,diagnostics,"Approximate-area privacy diagnostics","Focused deterministic and property-based tests shall cover stationary stability, GPS jitter, private hysteresis, encrypted restart recovery, at least 75 percent consecutive-region area overlap, poor-accuracy radius enlargement, high-speed movement, containment, and cryptographic-randomness bounds.",tracked,core,local,"src/location/approximation.ts;src/location/approximation.test.ts;src/sharing/privateStore.ts;src/sharing/privateStore.test.ts","src/location/approximation.test.ts;src/sharing/privateStore.test.ts;yarn test (.github/workflows/ci.yml quality)",web-preview,"Constellation product decisions;Constellation threat model","Synthetic coordinates and injected randomness only. Protocol, link, log, and public-state inspections shall also prove that approximate shares disclose no exact coordinates, grid identifiers, random inputs, private thresholds, speed, or heading.",0.1
diagnostics-space-authorization,diagnostics,"Space authorization diagnostics","Tests shall prove unauthorized, expired, revoked, wrong-sensor, wrong-scope, and replayed requests are denied before current location state is read or subscribed.",planned,core,native,,,future,"Taskyon:frontend/policies/testing-and-diagnostics.md","Generic sensor and named Space authorization diagnostics are deferred beyond 0.1; the 0.1 transient location-share authentication, expiry and revocation checks remain required and are tracked separately. Capability support and service advertisement alone never authorize access.",future
diagnostics-cross-space,diagnostics,"Cross-scope privacy diagnostics","Tests shall prove equivalent observations produce independently encrypted messages for separate transient share scopes.",tracked,core,native,"src/sharing/sharePayloadCrypto.ts;src/sharing/sharePayloadCrypto.test.ts","src/sharing/sharePayloadCrypto.test.ts;yarn test (.github/workflows/ci.yml quality)",foundation,"Constellation threat model","Synthetic tests encrypt an identical observation under two independent transient-share secrets and assert different ciphertext, cross-scope decryption failure, successful same-scope round-trip, and fresh-IV ciphertext changes. Named Space coverage is added with that future feature; ciphertext size and timing remain visible to endpoints and are not claimed to be unlinkable.",0.1
diagnostics-trail-files,diagnostics,"Trail-file diagnostics","Tests shall verify journal parsing, authentication, sequence integrity, corruption isolation, rotation, retention deletion, and absence of plaintext coordinates.",planned,storage,local,,,0.1,"Constellation product decisions","Fixtures use synthetic paths, identities, keys, and coordinates.",post-1.0
diagnostics-pmtiles-cache,diagnostics,"PMTiles offline diagnostics","Tests shall request map ranges, disconnect the source, verify cached reuse and eviction limits, and confirm that no third-party tile host is contacted.",planned,ui,native,,,future,"Taskyon:frontend/packages/ui/gis/pmtilesStorageCache.ts","Deferred with the offline range cache beyond 0.1. Map failure must not stop location collection or exchange.",future
diagnostics-android-background,diagnostics,"Android background diagnostics","Android tests shall cover foreground-service startup, notification stop, screen lock, Activity ownership, process recreation, reboot, expiry, permission denial, metered policy, power policy, and network transitions.",implemented,android,adapter,"scripts/test-android.mjs;scripts/test-android-managed.mjs;src-tauri/plugins/constellation-android","managed API 29/36 full flow;--notification-stop-smoke;--permission-denial-smoke;--expiry-smoke;--foreground-only-smoke;--multiple-source-links-smoke;--service-restart-smoke;--reboot-smoke;--power-network-smoke;API 29 AOSP/no-GMS smoke;full managed matrix and focused smokes re-pass (API 29/36, 2026-10-01)",0.1,"Constellation product decisions","The managed emulator suite now covers foreground-service startup, Activity-home ownership, locked-screen updates, foreground-only pause/resume, independent multi-link revocation, force-stop/reopen recovery, automatic START_STICKY service/process recovery before Activity reopen, notification Stop sharing, reboot with app-open protected-state recovery, absolute expiry shutdown, permission denial, forced idle/Doze, Data Saver background-network restriction, and airplane-mode loss/recovery. The emulator does not accept an explicit AndroidWifi metered override, so Data Saver is the representative metered/background restriction. These emulator diagnostics are implemented but not a regular CI job; physical-device acceptance remains the separate 1.0 maturity gate. The managed matrix and focused smokes exercise this acceptance and re-passed on 2026-10-01, but they are not part of the regular CI runner, so this row remains implemented rather than tracked. Current Android harness checks active notification keys rather than notification history and verifies expired/final-revoked links retain notice endpoints without collecting new fixes until Stop notices; Updated managed API 36 notification-stop, expiry and multiple-link acceptance passed; stable captive failure plus successful retry passed on 2026-10-05. Earlier AOSP/no-GMS runs had intermittent foreground WebView debugger timeouts without an identified cause. The final hosted-relay scoped flow passed, but a fresh local-relay repeat timed out during share creation with the launcher resumed and a native fatal-signal marker. This failure remains under investigation; the harness now reports only allowlisted crash process, signal, library and failure categories. No-GMS process-restart/shared-text coverage remains outside this scoped flow.",0.1
diagnostics-browser-android,diagnostics,"Browser and Android interoperability","A browser peer and Android background peer shall exchange the same versioned sensor protocol over direct and relayed paths without platform-specific location semantics.",implemented,all,native,"scripts/test-android.mjs;src/android/backgroundEntry.ts;src/sharing/browserPeer.ts;src/sharing/sharingRuntime.ts","owned-adapter API 36 browser-to-Android and Android-to-browser return-link flow;strict local-relay two-Android-plus-browser replay passed all three Star shares and two-viewer presence;owned-adapter API 29/36 managed two-peer flows;full managed matrix and focused smokes re-pass (API 29/36, 2026-10-01);scripts/test-android.mjs --local-share-flow managed API 36 and API 29 compatibility: locked updates, one-click return, automatic second same-link return, no-loop, process recovery, revocation history and shared-text intake;API 29 AOSP/no-GMS scoped flow (2026-10-05)",0.1,"Taskyon:frontend/policies/protocols-and-runtime-boundaries.md","The owned-adapter API 29 and 36 runs covered browser-to-Android return location and process restart. Its strict local-relay two-Android-plus-browser replay established all follow sessions, exchanged all three Star locations, and saw two viewers on each Android source. The prior mixed-peer failure coincided with upstream geolocation-plugin worker starvation and did not recur with the owned adapter. Direct-path, adverse-network, physical-device, and external-consumer conformance coverage remain pending. The managed matrix and focused smokes exercise this acceptance and re-passed on 2026-10-01, but they are not part of the regular CI runner, so this row remains implemented rather than tracked. The optional --local-share-flow uses the existing owned local relay APK for sharing/return-approval acceptance on modern and compatibility profiles, plus scoped no-GMS investigation; default hosted-relay acceptance remains available separately. Reboot fixture expiry outlives the cold-boot deadline, and restoration polling runs outside the WebView debugger request. Direct transport acceptance explicitly selects only advertised WebRTC addresses using the canonical share URL serializer; its grant and owner proof remain unchanged, and encrypted updates must survive relay shutdown.",0.1
diagnostics-android-emulator,diagnostics,Managed Android emulator acceptance,"A self-contained sandbox harness shall build an x86_64 test APK, own API 29 compatibility and API 36 modern AVDs, install and drive the app through ADB and WebView automation, inject synthetic locations, and exchange locations with a host dev server and browser peer through 10.0.2.2 over direct and relayed paths.",tracked,android,adapter,scripts/check-android-config.mjs;scripts/android-emulator.mjs;scripts/android-emulator.test.mjs;scripts/test-android-managed.mjs;scripts/test-android.mjs;package.json;src-tauri;docs/DEVELOPMENT.md;docs/RELEASE_0_1_ACCEPTANCE.md,"scripts/android-emulator.test.mjs;scripts/android-test-privacy.test.mjs;owned-adapter API 36 one-shot/watch smoke and full browser/Android sharing flow;strict owned-adapter two-Android-plus-browser three-way replay;owned-adapter API 29/36 managed runs;2026-09-29 hosted-relay API 36 managed full flow;managed API 36 foreground-only, multi-link, native-fallback, service-restart, UI-policy and network/power smokes;--direct-transport-smoke and --captive-transport-smoke (managed API 36, 2026-10-01);--metered-policy-smoke (managed API 36, 2026-10-01);full managed matrix and focused smokes re-pass (API 29/36, 2026-10-01);scripts/test-android.mjs --local-share-flow managed API 36 and API 29 compatibility: locked updates, one-click return, automatic second same-link return, no-loop, process recovery, revocation history and shared-text intake;API 29 AOSP/no-GMS scoped flow (2026-10-05)",0.1,Constellation product decisions,"The harness builds and installs the APK, owns synthetic AVDs, reuses the persisted emulator ADB key when available so stateful AVDs remain authorized across sandbox restarts and clears sandbox-injected remote ADB socket routing before managing the local daemon, waits for a stable WebView page before attaching diagnostics, waits for DOM readiness rather than all map assets, preserves redacted CDP exception descriptions for root-cause diagnosis, compiles injected CDP JavaScript to the API29 WebView syntax target, and redacts bearer fragments from failure stacks. The owned adapter passed foreground native watch/current acquisition on API 36 and the full Android background source to browser preview, return-offer acceptance, revocation, locked-screen update, force-stop/reopen recovery, and warm/cold ACTION_SEND approval on API 29 and 36. Its strict three-peer local-relay replay passed all three Star shares, both Android peers received two locations, each source saw two viewers, and native follow nickname/color/map-focus controls passed. API 29 AOSP/no-GMS has passed the scoped background-sharing, browser-interoperability, lock/wake, return-share and revocation flow, but repeated local runs remain unreliable because of native GPU-thread aborts in stock WebView 74. Additional managed smokes pass notification stop, permission denial, expiry, foreground-only pause/resume with the same share identity, independent revocation and QR reopening for two simultaneous Android source links, a real 20-second native no-fix timeout into WebView geolocation, real Android privacy/About presentation plus clipboard-copy acceptance, automatic START_STICKY recovery after process death without Activity reopen, full reboot recovery, and Doze/Data Saver/airplane-mode loss and recovery. Packaged Tauri desktop, hosted App Links, and physical phones remain unverified. The opt-in --direct-transport-smoke classified the Android background connection as WebRTC and kept location updates flowing after the local relay stopped, and --captive-transport-smoke verified fail-closed behavior behind an HTTP 302 captive relay followed by recovery; both passed on the managed API 36 emulator on 2026-10-01. The maintained managed matrix and focused smokes re-passed on 2026-10-01. Locked-screen failures report only bounded transport roles/states, fix timing, sampling and update counts; coordinates and peer identifiers remain omitted. Current Android harness checks active notification keys rather than notification history and verifies expired/final-revoked links retain notice endpoints without collecting new fixes until Stop notices; Updated managed API 36 notification-stop, expiry and multiple-link acceptance passed; stable captive failure plus successful retry passed on 2026-10-05. Earlier AOSP/no-GMS runs had intermittent foreground WebView debugger timeouts without an identified cause. The final hosted-relay scoped flow passed, but a fresh local-relay repeat timed out during share creation with the launcher resumed and a native fatal-signal marker. This failure remains under investigation; the harness now reports only allowlisted crash process, signal, library and failure categories. No-GMS process-restart/shared-text coverage remains outside this scoped flow. The optional --local-share-flow uses the existing owned local relay APK for sharing/return-approval acceptance on modern and compatibility profiles, plus scoped no-GMS investigation; default hosted-relay acceptance remains available separately. Reboot fixture expiry outlives the cold-boot deadline, and restoration polling runs outside the WebView debugger request. Direct transport acceptance explicitly selects only advertised WebRTC addresses using the canonical share URL serializer; its grant and owner proof remain unchanged, and encrypted updates must survive relay shutdown. The maintainer accepts the intermittent Android 10 AOSP/no-GMS stock WebView 74 native GPU-thread abort as a documented known limitation for 0.1 (2026-10-05). Android 10 Play and Android 16/API 36 emulator checks passed; this does not prove Google-services causation or compatibility across all Android versions and physical devices. Failed legacy runs remain reported; physical-device acceptance remains required. See docs/DEVELOPMENT.md Android result matrix and docs/RELEASE_0_1_ACCEPTANCE.md.",0.1
diagnostics-nat-matrix,diagnostics,"Connectivity matrix","Release diagnostics shall classify direct, relayed, reconnecting, offline, captive-portal, and fully blocked scenarios across representative browser and Android networks.",planned,network,adapter,"src/sharing/browserPeer.ts;src/sharing/sharingRuntime.ts;src/sharing/transport.ts;src/components/AboutSheet.vue;tests/p2p-share.spec.ts;scripts/test-android.mjs;scripts/test-android-managed.mjs","src/sharing/browserPeer.test.ts direct/relay/unreachable cases;src/sharing/transport.test.ts direct/relay/WebRTC/WebTransport classification (.github/workflows/ci.yml quality);tests/p2p-share.spec.ts desktop relay/WebRTC (.github/workflows/ci.yml browser-regression);scripts/product-policy.test.mjs blocked/captive-network limits;scripts/test-android-managed.mjs --direct-transport-smoke and --captive-transport-smoke (managed API 36, 2026-10-01)",0.1,"Constellation product decisions","The browser diagnostics deterministically cover direct-address preference, relay fallback, no-reachable-address failure, live relay-to-WebRTC upgrade, reconnect state handling, and explicit user-facing limits for captive portals and fully blocked transports. src/sharing/transport.test.ts fixes the classification of direct WebSocket, WebRTC, relay-signalled WebRTC, WebTransport, and relay-circuit addresses, so a WebRTC signalling entry is no longer reported as a circuit data path. On managed API 36 the opt-in --direct-transport-smoke classified the Android background connection as WebRTC and kept location updates flowing after the local relay stopped; the opt-in --captive-transport-smoke answered the configured relay endpoint with an HTTP 302 captive response, verified that no share or foreground service started, and then created a share once the real relay returned. The blocked path currently reports a generic stopped/fail-closed status rather than a network-specific reason. Representative real-world NATs and physical-device network handoffs remain uncovered, so the full matrix remains planned.",0.1
diagnostics-mesh-routing,diagnostics,"Mixed-transport mesh diagnostics","Future diagnostics shall route synthetic location sessions across multiple peers and mixed links, including LAN fan-out and intermittent Bluetooth-style hops, and verify loop suppression, duplicate rejection, expiry, revocation, bridge authorization, bounded ciphertext retention and plaintext exclusion at blind routers.",planned,network,native,,,future,"Taskyon:proposals/p2p-network.md;Constellation product decisions","Fixtures use synthetic coordinates, identities and addresses; diagnostics must distinguish logical sessions from selected physical routes.",future
diagnostics-physical-android,diagnostics,"Physical Android release acceptance","A signed release build shall pass background sharing, lock, reboot, process death, network handoff, battery policy, and long-running expiry scenarios on representative supported physical Android 10 and newer devices before promotion to 1.0.",planned,android,adapter,,,future,"Syncpeer:SYSTEM_DEFINITION.csv","The managed emulator suite now covers API 29/36 background sharing, lock/wake, process recreation, notification stop, permission denial, expiry, full reboot recovery, API 29 AOSP/no-GMS, forced idle/Doze, Data Saver and airplane-mode loss/recovery. Emulator-only success is still insufficient for vendor power-management, real radio handoff and long-running physical-device claims; those remain the 1.0 gate.",future
nix-development-shell,build,"Reproducible Nix development shell","A fresh checkout shall provide a locked Nix flake development shell containing the Node 22, Rust, Tauri Linux, Playwright runtime, Java 17, and Android API 29 and 36 toolchains required to build and test Constellation without importing another repository's environment.",implemented,all,local,"flake.nix;flake.lock;eslint.config.js;scripts/browser-environment.mjs;playwright.config.ts","nix flake check;nix run .#build-desktop-release-appimage;nix develop --command sh -c 'command -v secret-tool';nix develop --command yarn lint;nix develop --command yarn test:e2e;nix develop --command cargo check --manifest-path src-tauri/Cargo.toml;nix develop --command yarn test:android:config;nix develop --command yarn build:android:debug:x86_64-emulator;nix develop --offline --command sh -c 'test -f "$GIO_EXTRA_MODULES/libgiognutls.so"';nix develop --command gh --version",foundation,"Taskyon:frontend/flake.nix;Constellation product decisions","The shell provides a direct Yarn shim through pinned Node Corepack, Flatpak build tools, and isolates Playwright's downloaded browser from Nix LD_LIBRARY_PATH while retaining Tauri's Linux libraries. It now exports the GLib networking module path required by desktop WebKit HTTPS; a 2026-09-29 sandbox reproduction changed the PMTiles range request from Load failed to HTTP 206 and removed the map error. Linux shells include libsecret's secret-tool for release signing; the Secret Service provider itself must be available and unlocked in the desktop session. On x86_64 Linux it also provides the release AppImage builder through nix run .#build-desktop-release-appimage, including from another repository's environment. The fresh AppImage build and extracted launch smoke passed, as did flake evaluation and focused script tests. The x86_64 debug APK build was previously verified with Node 22.23.2, Rust 1.98.1, Java 17, NDK r28c, and Android API 29 and 36. GitHub CLI (gh) is provided for repository workflow tasks; standard GUI host applications such as Git GUI and Kate are intentionally not provided. .envrc is ignored. Foreign host systems remain unverified.",0.1
share-multiple-links,sharing,"Independent active links","A source shall create multiple simultaneous one-way links, reopen each QR or URL, see its connected viewer count, and revoke one link without revoking another.",tracked,all,local,"src/components/ShareListSheet.vue;src/views/MapView.vue;src/sharing/sharingRuntime.ts;src/android/backgroundEntry.ts;src-tauri/plugins/constellation-android/android/src/main/java/space/taskyon/constellation/plugin/LocationShareService.kt","tests/p2p-share.spec.ts desktop;tests/share-flow.spec.ts desktop and mobile;.github/workflows/ci.yml browser-regression;nix develop --command yarn build:android:debug:x86_64-emulator;managed --multiple-source-links-smoke",0.1,"Constellation product decisions","The browser runtime and Android service both own multiple grants under one runtime identity; Android controls create, list, name viewers for, block viewers on, and revoke service-owned links independently. Managed API 36 acceptance created two simultaneous Android source links with distinct IDs, rendered both named cards in Active shares with viewer-count text and Show link / QR plus Revoke link controls, reopened link A and verified its exact URL/QR sheet, revoked A while B and its foreground service remained active, then stopped the service only after revoking B. Physical-device visual acceptance remains open.",0.1
follow-multiple-sources,sharing,"Multiple viewed locations","A viewer shall paste or accept independent links, view several sources beside their own current position, edit local labels and marker colors, zoom to one received area or all received areas, and stop following each independently. Each followed source shall show local follow time, last update time and age, updates received this app session, and time until link expiry.",tracked,all,local,"src/components/FollowingSheet.vue;src/components/LocationMap.vue;src/location/mapModel.ts;src/views/MapView.vue;src/sharing/sharingRuntime.ts;src/sharing/privateStore.ts","src/location/mapModel.test.ts;src/sharing/sharingRuntime.test.ts;tests/share-flow.spec.ts desktop and mobile;tests/p2p-share.spec.ts desktop;.github/workflows/ci.yml quality and browser-regression;strict managed API 36 three-way UI acceptance",0.1,"Constellation product decisions","Show on map is hidden until an observation exists; stale observations stay viewable while this app session runs. The compact list shows update and expiry metadata and edits local nicknames only after pressing an SVG edit icon. Follow start time is stored in protected local state for new follows; older records show unknown. Received-update count resets on restart. The sender's original share creation time is not in the link. The strict API 36 three-way emulator replay saved and displayed two simultaneous followed sources on each Android peer, verified nickname edit/save/restore, marker-color selection, single-source Show on map and Show all on map controls, received both locations with two viewers, and restored both follows after UI restart. Physical-device presentation remains open.",0.1
share-optional-name,sharing,Optional source name,"A source may attach a short optional name to each link; both outgoing and incoming lists shall show it. On saving a follow, the receiver shall see a small editable nickname prompt prefilled from that source name or a deterministic fun-word alias derived from the share ID.",tracked,protocol,local,src/shareDraft.ts;src/components/ShareSheet.vue;src/sharing/shareProtocol.ts;src/sharing/sharingRuntime.ts;src/components/FollowingSheet.vue;src/views/MapView.vue,src/shareDraft.test.ts;src/sharing/sharingRuntime.test.ts;tests/p2p-share.spec.ts browser keep flow;.github/workflows/ci.yml quality and browser-regression;strict owned-adapter two-Android-plus-browser follow-save replay,0.1,Constellation product decisions,Authenticated redeem returns optional sourceName; outgoing and incoming lists display it. A post-connection prompt edits a receiver-local nickname prefilled from the source name or deterministic fun words. Receiver-local nicknames are not sent in redeem.label or placed in bearer URLs. Android prompt acceptance and saving two follows passed the strict API 36 three-peer emulator replay; old/new client interoperability and physical-device presentation remain unverified. Delivered per-link source labels and private nicknames remain distinct from planned 0.1.1 peer-name-consent-sync: sharing a profile name across an authenticated pair requires explicit consent per peer and per direction; nicknames are never sent.,0.1
share-publication-choice,sharing,"Per-link foreground or background sharing","The source shall choose foreground-only or explicit background publication for each link, with foreground as the default and an honest platform-specific explanation.",tracked,all,adapter,"src/shareDraft.ts;src/components/ShareSheet.vue;src/sharing/sharingRuntime.ts;src/android/backgroundSharing.ts;src/views/MapView.vue;src/android/backgroundEntry.ts;src-tauri/plugins/constellation-android/android/src/main/java/space/taskyon/constellation/plugin/LocationShareService.kt","src/shareDraft.test.ts;src/android/backgroundSharing.test.ts;nix develop --command yarn build:android:debug:x86_64-emulator;managed API 29/36 background publication;managed --foreground-only-smoke;full managed matrix and focused smokes re-pass (API 29/36, 2026-10-01)",0.1,"Constellation product decisions","Android routes both publication choices through the same service runtime and uses the actual app visibility when creating the first foreground-only link. Managed API 36 acceptance now verifies a foreground-only link pauses when the Activity is hidden, stops its service and ongoing notification, preserves the grant, and resumes with the same share identity when the Activity returns. A background link keeps location publication active under the foreground service. Browser and desktop continue to support foreground-only sharing. The maintained managed matrix and focused smokes re-passed on 2026-10-01.",0.1
share-delegation,sharing,"Bounded recipient resharing","A source may explicitly allow a recipient to forward access while preserving the original expiry, total viewer cap, source control, and revocation; delegation shall be off by default.",planned,protocol,local,,,0.2,"Constellation product decisions","Deferred from 0.1. Forwarding a bearer URL is possible today and consumes the same capacity, but it is not an authorized delegation protocol or separately accountable recipient. There is no delegation flag in the current UI or runtime. The product choice between source-issued attributable delegated links and forwarding the original bearer link remains open. Multi-hop routing is separate future Taskyon P2P work.",0.2
share-back-star,sharing,Star multi-viewer sharing,"A Star share shall use one link for several viewers who can see the creator's location and may each explicitly share back only to the creator. Viewers shall not discover one another, see another viewer's location or receive another viewer's return grant.",tracked,all,layered,src/sharing/shareProtocol.ts;src/sharing/sharingRuntime.ts;src/views/MapView.vue;src/components/ShareSheet.vue;src/android/backgroundEntry.ts;src/android/backgroundSharing.ts;src-tauri/plugins/constellation-android/android/src/main/java/space/taskyon/constellation/plugin/LocationShareService.kt,src/sharing/shareProtocol.test.ts;tests/p2p-share.spec.ts desktop private return offer and source acceptance;src/android/backgroundSharing.test.ts;yarn test:android:config;owned-adapter API 29/36 browser return flows and strict two-Android-plus-browser Star replay;strict two-Android-plus-browser three-way replay re-pass (2026-10-01),0.1,Constellation product decisions,"A viewer may offer a separate timed return link over the authenticated encrypted session to the original source; only that source sees the offer, and viewers do not discover one another or receive each other’s location. The return URL includes a signature binding it to the viewer peer identity. Accepting a return link does not automatically expose the viewer’s location; same-original-link future return approval is the separate 0.1 behavior in share-back-group-approval. Android browser-return flows and strict Star multi-viewer replays have managed API 29/36 test evidence; physical-device visual acceptance remains open.",0.1
share-back-groups,sharing,"Group sharing","A reusable Group invitation shall let a person join and see locations that members have chosen to publish to the whole Group, without publishing their own location automatically. Any online member shall be able to authenticate and admit the holder of a valid unexpired invitation even when the creator is offline. Admission shall authorize automatic authenticated P2P connections and reconnections with other admitted members, without additional per-connection permission prompts. A member shall separately choose whether to publish their own location to the whole Group or to selected individual members; only those recipients may see a private publication. Already-admitted members shall exchange live updates over direct member-to-member P2P sessions, with ordinary libp2p transport relays allowed, so the creator need not stay online for those sessions.",planned,all,layered,,,0.2,"Constellation product decisions","Deferred as a complete Group flow to 0.2: invitation, discovery, admission, member connections, selective publication, and revocation must work together before Group appears as a usable mode. Group is the user-selected UI name for this all-member sharing topology. The creator is neither a location-data hub nor a required online admission server. Group connection consent is not location-publication consent; the join screen must explain that fellow members can learn membership and online presence through automatic connections even when location publication is off. Group-scoped rendezvous must locate online members; each admission must verify the invitation, bind the joining peer identity, and disseminate membership to existing members without distributing location-publication authority. The current one-way link is not Group membership. Member-to-member sessions may use a transport relay but do not route plaintext through the creator. Invitations and membership grants require bounded expiry. Revocation is eventually propagated across connected members, cannot erase past observations, and cannot be promised instantaneous across disconnected partitions; peer-specific publication grants must be checked by each publisher. Do not claim a strict global member cap while independent online members can admit concurrently without coordination. Named Taskyon Spaces remain later integration.",0.2
group-signed-invitation,sharing,"Verifiable Group invitation","A Group invitation shall carry a finite expiry and a signature from a fresh Group-specific Ed25519 key so any online member can validate the same bearer grant without contacting the creator, while unrelated Groups do not share a device signing identity.",tracked,core,layered,"src/group/groupInvitation.ts","src/group/groupInvitation.test.ts;node --experimental-strip-types --test src/group/groupInvitation.test.ts",0.2,"Constellation product decisions","Deferred to 0.2 with Group admission. The local constructor generates and returns a fresh Group-specific key with a bounded URL fragment, random Group ID and 256-bit bearer secret. Parsing rejects expiry, signed-field tampering, and unknown unsigned fields. It is not wired to discovery, member admission, direct streams, publication, revocation or UI. The returned Group key must be protected and restored before the feature is usable; an invitation alone does not authorize location publication. A bearer holder may forward the invitation until expiry.",0.2
share-back-individual,sharing,Optional individual return share,"After a receiver first saves a followed location, show one explicit, dismissible share-back offer; accepting creates an approximate one-hour return link and sends it only to the original source. Show the option once per followed link and suppress it on return links to prevent loops.",tracked,ui,local,src/views/MapView.vue;src/components/FollowingSheet.vue;src/components/ShareSheet.vue;src/components/ShareReadySheet.vue;src/sharing/sharingRuntime.ts,"tests/p2p-share.spec.ts one-click return offer and return-link group acceptance (.github/workflows/ci.yml browser-regression);src/sharing/sharingRuntime.test.ts;physical-device visual acceptance pending;scripts/test-android.mjs --local-share-flow managed API 36 and API 29 compatibility: locked updates, one-click return, automatic second same-link return, no-loop, process recovery, revocation history and shared-text intake;API 29 AOSP/no-GMS scoped flow (2026-10-05)",0.1,Constellation product decisions,"The saved-follow prompt creates an approximate one-hour share with one action, then offers the signed link only to the original source. The one-time choice is persisted and a return link is marked seen so it cannot start another return loop. A failed direct send leaves the ready link available for manual sharing. Physical-device visual acceptance remains open. Planned 0.1.1 share-back-direct-presentation removes QR generation/presentation from the direct return flow, while retaining the one-time prompt, signed private offer, retry behavior and loop prevention.",0.1
browser-private-recovery,security,"Browser share and follow recovery","The browser shall persist its own peer identity, active grants, approximate-region control state, followed links, local follow-start timestamps, private viewer-device labels, and blocked peer identities in authenticated encrypted local storage without storing received location observations.",tracked,web,local,"src/sharing/privateStore.ts;src/sharing/sharingRuntime.ts;src/views/MapView.vue","src/sharing/sharingRuntime.test.ts;src/sharing/privateStore.test.ts;tests/p2p-share.spec.ts desktop source/viewer reload blocked-device denial and reconnect;.github/workflows/ci.yml quality and browser-regression",0.1,"Constellation threat model","IndexedDB stores AES-GCM ciphertext with a non-extractable WebCrypto key in the same browser profile. Viewer last-known coordinates remain in memory only. Restored source shares adopt an already acquired fresh fix, closing a startup race that left viewers connected but waiting until the next GPS callback. A ten-second retry sweep reconnects viewers; blocked known identities remain denied after source reload. This protects against casual storage inspection, not a malicious same-origin script or profile owner; concurrent tabs and storage eviction remain pending.",0.1
native-private-recovery,security,"Native private-state recovery","Desktop and Android shall protect and restore peer keys, grants, follow metadata, and approximate-region state using platform-secured storage without silently changing share identity after restart.",implemented,desktop;android,adapter,"src-tauri/src/desktop_private_store.rs;src-tauri/plugins/constellation-android/android/src/main/java/space/taskyon/constellation/plugin/EncryptedShareStore.kt;src-tauri/plugins/constellation-android/android/src/main/java/space/taskyon/constellation/plugin/ConstellationAndroidPlugin.kt;src/sharing/privateStore.ts;src/views/MapView.vue","Android debug APK build;managed API 29/36 source-link restart;managed API 36 full reboot identity/absolute-expiry recovery;strict three-way API 36 saved-follow restart",0.1,"Constellation threat model","Desktop native private state uses the platform Secret Service; Android UI state and the dedicated source runtime each use separate AES-GCM keys protected by Android Keystore. Existing Android source links migrate into the dedicated service store before the UI identity is rotated. Managed API 29/36 tests restored background-source links after process restart; the API 36 power-cycle smoke preserved the protected source identity and original absolute expiry across a full emulator reboot; and a strict API 36 three-way replay restored two saved follows and both received locations after UI restart. Linux packaged-desktop recovery, locked-keyring behavior, and physical-device acceptance remain unverified; browser storage protection remains distinct from native secure storage.",0.1
map-style-families,maps,Default and minimalist map families,"The menu shall offer Protomaps light/dark as Default and grayscale/black as Minimalist, follow the system color scheme, preserve the chosen family and map camera across style switches, and use local device fonts for labels without bundled glyph ranges.",implemented,ui,local,src/map/pmtiles.ts;src/components/LocationMap.vue;src/views/MapView.vue;public/map-assets/sprites/v4,tests/map-ui.spec.ts desktop and mobile;MapLibre GL JS 6.4.1 lint and web/Tauri builds;CI browser share-flow and P2P regressions;CI screenshot capture;GitHub Pages preflight;tests/map-ui.spec.ts auto-dismiss and persisted selection (.github/workflows/ci.yml browser-regression),0.1,Constellation product decisions,"MapLibre GL JS 6 is ESM-only and uses its version-matched module worker through Vite’s ?worker&url pipeline, which emits the self-contained worker for Pages and Tauri builds. Styles use the existing Taskyon PMTiles archive and locally bundled sprites. Omitting the glyph URL makes MapLibre GL JS generate labels from local device fonts; appearance and script coverage vary by device. Desktop WebKit archive fetching and native label appearance still need visual verification; there is no third-party tile fallback or offline range cache.",0.1
map-data-attribution,maps,"Visible map and asset attribution","The map shall visibly credit its map-data providers in small unobtrusive text at the lower-right edge, clear of the primary sharing button. The About surface shall ship map, sprite, and upstream-code notices for redistributable artifacts and explain that map labels use device fonts.",implemented,ui,local,"src/map/pmtiles.ts;src/components/LocationMap.vue;src/components/AboutSheet.vue;THIRD_PARTY_NOTICES.md;vendor/taskyon/LICENSE","tests/map-ui.spec.ts desktop selected checks;Protomaps and Tangram upstream license comparison",0.1,"OpenStreetMap copyright;Protomaps basemaps licenses;Protomaps basemaps-assets;Tangram icons MIT license;Overture Maps attribution","OSM, Protomaps and ESA credit is shown even when PMTiles loading fails; it sits at the map viewport's lower-right corner above the separate action dock without a bordered panel. The bundled notice separates Protomaps BSD-3-Clause code and CC0 visual design from Tangram-derived MIT sprite icons, preserves the exact 2017 Mapzen copyright, and links to both upstream licenses in About. No map glyph or font files are bundled. Native safe-area positioning still needs visual acceptance. A preliminary manifest check is recorded in project-license; artifact-specific software-license and notice review for final APK, AppImage and Flatpak remains required before publication.",0.1
constellation-app-icon,ui,"Constellation launcher and notification icon","The web, desktop, Android launcher, and Android sharing notification shall use one recognizable Constellation star in the Taskyon palette rather than generated framework placeholder icons.",implemented,all,local,"public/icon.svg;assets/icon-manifest.json;src-tauri/icons;src-tauri/gen/android/app/src/main/res;src-tauri/plugins/constellation-android/android/src/main/res;src-tauri/plugins/constellation-android/android/src/main/java/space/taskyon/constellation/plugin/ShareNotification.kt","nix develop --command yarn build:android:debug:x86_64-emulator",0.1,"Constellation product decisions","Generated launcher assets and a monochrome notification glyph compile in the x86_64 APK. Visual checks on installed Android and desktop launchers are still pending.",0.1
session-log-export,diagnostics,"Copyable private session diagnostics","The app shall keep a bounded in-memory FIFO of useful map, connection, and sharing events, show redacted actual map errors, mirror safe events to the development console, and offer Copy logs from the icon menu without a log viewer.",tracked,ui,local,"src/diagnostics/sessionLog.ts;src/components/LocationMap.vue;src/views/MapView.vue;src/styles.css","src/diagnostics/sessionLog.test.ts;tests/share-flow.spec.ts desktop and mobile;.github/workflows/ci.yml quality and browser-regression;managed Android --ui-policy-smoke",web-preview,"Constellation product decisions;Syncpeer:packages/app/src/app/state.ts;Syncpeer:packages/app/src/app/connectionActions.ts","The UI session FIFO holds at most 2000 entries; repeated errors coalesce. Clipboard export is chronological and contains only sanitized details. Development console mirroring is on by default; production retains an in-memory copy action. The buffer resets on UI reload and does not collect Android service events while the UI is closed. Managed API 36 acceptance opens the native app menu, performs a real trusted touch on Copy logs, and verifies Android WebView accepts the clipboard write; session-log unit tests independently verify runtime labeling and removal of peer/network/share capability details.",0.1
privacy-network-explanation,privacy,"Clear P2P privacy explanation","First-run map guidance, the primary sharing control, sharing settings, and About shall explain decentralized end-to-end encrypted peer communication, lack of central location history, and the limits of relay, map-host, endpoint, and recipient privacy without absolute security promises.",tracked,ui,local,"src/views/MapView.vue;src/components/ShareSheet.vue;src/components/AboutSheet.vue;src/styles.css;README.md","scripts/product-policy.test.mjs;tests/share-flow.spec.ts desktop and mobile;.github/workflows/ci.yml quality and browser-regression;managed Android --ui-policy-smoke",web-preview,"Constellation product decisions;libp2p circuit relay documentation","A dismissible first-run note persists its seen flag locally. The split share action and dialog state P2P encryption; the preview card and About explain immediate connection presence and optional saving. About also covers relayed ciphertext, connection metadata, map requests, local protected state, browser code trust, recipients, approximation limits, captive portals and fully blocked outbound transport. Managed API 36 acceptance verifies the installed Android first-run privacy text and About wording. This is explanatory product copy, not an audited security guarantee or complete legal privacy policy; physical-device visual review remains open.",0.1
diagnostics-session-lifecycle,diagnostics,"Redacted P2P session lifecycle","Connection diagnostics shall retain a bounded history of stream opening, redemption denial, session admission and closure reasons without peer IDs, share links, network addresses, or locations; tests shall use this evidence to distinguish missing streams, rejected grants, heartbeat failure, transport closure, and stale UI presence.",tracked,all,local,"src/sharing/sharingRuntime.ts;src/diagnostics/sessionLog.ts;src/views/MapView.vue;src/components/NetworkDiagnosticsSheet.vue;src/android/backgroundEntry.ts","src/sharing/sharingRuntime.test.ts;yarn test (.github/workflows/ci.yml quality);tests/p2p-share.spec.ts desktop lifecycle assertions (.github/workflows/ci.yml browser-regression)",0.1,"Constellation emulator diagnostics","At most 32 session events are held per runtime and are mirrored into the existing redacted UI session log. The strict owned-adapter two-Android-plus-browser replay passed two-viewer presence on both Android sources, resolving the previously observed missing second admission. The replay did not intentionally trigger a redemption denial or heartbeat failure, so those diagnostic markers still need targeted runtime exercise. Android service events are visible when its UI polls; they are not persisted while the app is closed.",0.1
android-status-persistence,android,Bounded native status persistence,"The Android location service shall persist redacted crash/restart status only when that redacted status changes, so repeated P2P and location updates do not encrypt and synchronously commit the same value on the Android main thread.",tracked,native,local,src-tauri/plugins/constellation-android/android/src/main/java/space/taskyon/constellation/plugin/LocationShareService.kt,scripts/check-android-config.mjs;yarn test:android:config (.github/workflows/ci.yml quality),0.1,Constellation mixed-peer diagnostics,"The live status remains in memory and the protected recovery marker is still written on state transitions. This optimization alone did not fix the prior mixed-peer failure; a temporary geolocation-plugin patch and then the owned Android adapter passed strict three-peer replays. Android main-thread I/O frequency was reduced by inspection; no power or latency measurement has been made. The native status bridge now normalizes absent or malformed state, share-list, message, and location fields before returning status to the typed UI parser; this prevents foreground-only Android sharing from failing with “Invalid background sharing status.”",0.1
android-single-background-runtime,android,"One background P2P runtime per service","Concurrent start and visibility commands shall not schedule duplicate hidden Android WebViews using the same source identity; destroying the service before queued creation shall cancel it.",tracked,native,local,"src-tauri/plugins/constellation-android/android/src/main/java/space/taskyon/constellation/plugin/LocationShareService.kt","scripts/check-android-config.mjs;two-Android local-relay runtime-creation assertion passed on both API 36 emulators;strict owned-adapter three-peer replay passed;managed API 36 service-restart smoke;full managed matrix and focused smokes re-pass (API 29/36, 2026-10-01)",0.1,"Constellation mixed-peer diagnostics","The pre-fix service tested webView == null before posting creation to the main thread, leaving a window in which multiple starts could schedule independent P2P runtimes. The guard is set synchronously and the emulator harness counted exactly one redacted creation marker per service. This race fix alone did not solve the prior two-viewer failure; the strict replay passed with the app-owned location adapter. The service-only process-death smoke now also verifies Android creates one replacement app/service process through START_STICKY before the Activity returns and restores the same protected share identity and expiry. yarn test:android:config (GitHub Actions quality) asserts the synchronous runtime-creation guard, while the concurrent-start replay remains managed-emulator evidence.",0.1
android-native-bridge-liveness,android,Responsive Android native commands under P2P load,"Protected follow saves and source-status reads shall continue to resolve while several browser and Android P2P shares are active, rather than leaving the foreground UI with stale presence or an unresolved save dialog.",implemented,native,local,src-tauri/plugins/constellation-android/android/src/main/java/space/taskyon/constellation/plugin/ConstellationAndroidPlugin.kt;src-tauri/plugins/constellation-android/android/src/main/java/space/taskyon/constellation/plugin/AndroidLocationAccess.kt;src-tauri/plugins/constellation-android/src/mobile.rs;src/location/android.ts;src/location/failover.ts;scripts/check-android-config.mjs;scripts/test-android.mjs;scripts/android-emulator.mjs;scripts/test-android.mjs;docs/DEVELOPMENT.md;docs/RELEASE_0_1_ACCEPTANCE.md,"Android config check;15 location-provider unit tests;typecheck;x86_64 APK build;managed API 36 native watch/current and no-fix fallback smokes;managed API 36 two-peer return flow;strict two-Android-plus-desktop-browser local-relay three-way replay;full managed matrix and focused smokes re-pass (API 29/36, 2026-10-01);yarn test:android:managed final hosted-relay 13-check matrix (2026-10-05: all passed; scoped no-GMS excludes process restart/shared-text);scripts/android-emulator.test.mjs scripts/android-test-privacy.test.mjs allowlisted crash-summary regression;docs/DEVELOPMENT.md Android emulator result matrix and accepted limitation (2026-10-05)",0.1,Constellation mixed-peer diagnostics;https://github.com/tauri-apps/plugins-workspace/issues/2683,"The prior upstream geolocation 2.3.3 Android watchPosition left its invoke unresolved and occupied a Tokio worker per watch; the temporary plugin patch was removed after replacing Android foreground geolocation with the app-owned LocationManager adapter. Registration resolves with a watch ID immediately, streamed fixes use a channel, and foreground/background paths share provider and position conversion helpers. Android no longer compiles the geolocation plugin; iOS retains the published plugin. Native watch starts first; WebView may take over after a technical failure or 20 seconds without the first fix after registration, but not after denial or disabled device location. The owned adapter passed API 36 one-shot/watch smoke and a managed no-fix fallback smoke that registered against enabled Android test providers with no location, waited through the real 20-second first-fix deadline, and then invoked WebView geolocation. It also passed the full two-peer background/return/recovery flow and the strict local-relay three-peer replay: both Android peers saved all follows, received both other locations, and showed two viewers per source. The full managed two-peer flow passed on stock API 29, the API 29 AOSP/no-GMS flow passed, and API 36 kept an active share through forced idle/Doze, Data Saver and airplane-mode loss/recovery. Physical devices and representative real-world NAT transitions remain unverified. The managed matrix and focused smokes exercise this acceptance and re-passed on 2026-10-01, but they are not part of the regular CI runner, so this row remains implemented rather than tracked. Extra local-relay repeats exposed intermittent SIGABRT in the WebView 74 GPU thread on the AOSP image with emulator 37.1.11. Neither the swiftshader alias nor swangle prevented the GPU-thread abort; those graphics experiments were reverted. A temporary map-startup control without the disposable WebGL probe also reproduced the GPU-thread abort and was reverted. No graphics or map workaround is retained. WebView 74 legacy compatibility remains an unresolved technical limitation, accepted by the maintainer for 0.1 on 2026-10-05; the legacy fixture is retained and changing its WebView baseline remains a separate decision. KVM CPU acceleration remains enabled. Timeout reports contain bounded allowlisted crash categories without raw logs, verified by scripts/android-test-privacy.test.mjs. The maintainer accepts the intermittent Android 10 AOSP/no-GMS stock WebView 74 native GPU-thread abort as a documented known limitation for 0.1 (2026-10-05). Android 10 Play and Android 16/API 36 emulator checks passed; this does not prove Google-services causation or compatibility across all Android versions and physical devices. Failed legacy runs remain reported; physical-device acceptance remains required. See docs/DEVELOPMENT.md Android result matrix and docs/RELEASE_0_1_ACCEPTANCE.md.",0.1
android-location-provider,android,"Owned Android location provider","The Android client shall obtain foreground fixes through a thin app-owned native LocationManager bridge, share native permission and provider logic with its background service, preserve the shared browser location model, and use WebView geolocation only as a foreground technical fallback without bypassing denial.",tracked,android,adapter,"src/location/android.ts;src/location/failover.ts;src/location/platform.ts;src-tauri/plugins/constellation-android/android/src/main/java/space/taskyon/constellation/plugin/AndroidLocationAccess.kt;src-tauri/plugins/constellation-android/android/src/main/java/space/taskyon/constellation/plugin/ConstellationAndroidPlugin.kt;src-tauri/plugins/constellation-android/android/src/main/java/space/taskyon/constellation/plugin/LocationShareService.kt;src-tauri/capabilities/mobile.json;src-tauri/capabilities/ios.json","src/location/android.test.ts;src/location/failover.test.ts;src/location/platform.test.ts;scripts/check-android-config.mjs;yarn test;yarn test:android:config (.github/workflows/ci.yml quality);managed API 36 native-location and native-fallback smokes;managed API 29 AOSP/no-GMS flow",0.1,"Constellation location-provider decision","Native foreground watch and one-shot acquisition use LocationManager without a Google Play Services library dependency. The foreground service remains native for background sharing. The app stops its UI watch while the service owns location. WebView fallback is limited to technical native failure or a first-fix wait of 20 seconds after registration; a current-position refresh uses the active provider. Coarse-only Android permission is accepted and reported uncertainty is retained. Browser and desktop continue using WebView geolocation; iOS continues using the published geolocation plugin. API 36 emulator one-shot and streamed-watch smoke passed, the deliberate no-first-fix smoke registered the native watch against enabled test providers with no location and verified WebView geolocation was invoked only after the real 20-second deadline, the full Android/browser sharing flow passed on API 29 and 36, and the API 29 AOSP/no-GMS flow passed without a Google Play Services dependency. Coarse-only physical-device acceptance remains pending.",0.1
user-readme,docs,User-facing README,"The README shall prioritize opening and installing Constellation, basic sharing steps, plain-language privacy, and support links, with technical build and architecture material in separate developer documentation.",implemented,docs,local,README.md;docs/DEVELOPMENT.md,"Manual review of user instructions, existing icon, platform links and separation of developer material;2026-10-06 review of latest stable-release screenshot URLs; gallery images will resolve after a stable release publishes them",0.1,Constellation documentation request,The README links directly to the latest GitHub release and the hosted app. Its screenshot gallery uses the latest stable release download URLs for the three documented PNGs. Current releases are prereleases; images will resolve after a stable release publishes those assets; no generated screenshot binaries are committed.,0.1
release-browser-screenshots,build,Release browser screenshots,"CI shall capture three real browser screens using only synthetic people and locations, upload preview artifacts, and publish tagged-source PNGs as release assets without committing generated binaries.",tracked,build,local,tests/screenshots.spec.ts;tests/fixtures/two-sources.ts;screenshots.config.ts;package.json;.github/workflows/ci.yml;.github/workflows/release.yml;scripts/publish-github-release.sh;docs/DEVELOPMENT.md;README.md,yarn screenshots in both GitHub workflows;scripts/github-workflows.test.mjs through yarn test:scripts;shared two-source scenario in tests/p2p-share.spec.ts;2026-10-03 local capture and visual review of all three images with rendered maps;focused shared two-source P2P regression;2026-10-03 v0.1.0-test.8 release asset visual review;2026-10-06 README latest-release URL and workflow filename review,0.1,Constellation screenshot request,"Welcome, share settings before creating any link, and the Following list use a local disposable relay, synthetic geolocation, a 430 by 860 browser viewport, light theme, English labels, UTC and reduced motion. Capture requires a rendered basemap and no visible map errors. Outputs in .screenshots are ignored. No bearer-link/QR screenshots, traces or video are uploaded. Screenshots are browser UI rather than native Android. README gallery URLs use GitHub's latest stable release download path for the same three PNGs. No stable release currently exists, so these images will resolve after one publishes the assets; the hosted release workflow published all three PNGs on 2026-10-03.",0.1
share-back-group-approval,sharing,One-time source approval for same-link return shares,"After explicitly accepting the first viewer return link, a source may automatically accept authenticated return links from other viewers of that same original share link; return links from unrelated shares still require a separate decision.",tracked,all,layered,src/sharing/shareLink.ts;src/sharing/shareProtocol.ts;src/sharing/sharingRuntime.ts;src/android/backgroundSharing.ts;src/android/backgroundEntry.ts;src/views/MapView.vue;src/android/backgroundReturnCommand.ts;src-tauri/plugins/constellation-android/android/src/main/java/space/taskyon/constellation/plugin/ConstellationAndroidPlugin.kt;src-tauri/plugins/constellation-android/android/src/main/java/space/taskyon/constellation/plugin/LocationShareService.kt;src/android/backgroundReturnShares.ts,"src/sharing/shareLink.test.ts signed owner proof;src/sharing/sharingRuntime.test.ts approval persistence failure and queued-offer retry;tests/p2p-share.spec.ts two queued returns and later automatic same-link return acceptance (.github/workflows/ci.yml browser-regression);src/android/backgroundReturnCommand.test.ts delayed success and correlated approval/dismissal failures;src/android/backgroundSharing.test.ts;yarn test:android:config;Android plugin compileDebugKotlin through project dev shell (2026-10-04);native acknowledgement failure/timeout device acceptance pending;scripts/test-android.mjs --local-share-flow managed API 36 and API 29 compatibility: locked updates, one-click return, automatic second same-link return, no-loop, process recovery, revocation history and shared-text intake;API 29 AOSP/no-GMS scoped flow (2026-10-05);src/android/backgroundReturnShares.test.ts approved-only foreground handoff and retry-safe acknowledgement;src/sharing/sharingRuntime.test.ts single-viewer return retries and external receiver restoration boundary;src/android/backgroundSharing.test.ts group approval status validation",0.1,Constellation product decisions,"Approval is scoped to the original signed share ID and only accepts links whose owner proof matches the authenticated viewer peer. Approval is saved before processing every already queued offer; unsuccessful offers remain available for retry. Later matching offers use the same acceptance path. Return links are marked as already offered to prevent loops. Android approval and dismissal resolve only after runtime completion and protected persistence; a correlated error or 30-second native timeout rejects the call. The UI keeps unsuccessful offers visible and permits retry when the individual returned link was already accepted. This is link-scoped consent, not Group membership or blanket peer approval. Android background publishers queue approved return offers for the foreground receiver instead of joining a second viewer session. The foreground runtime owns returned locations and the Seeing list; background restoration preserves earlier saved-follow records but never joins or reconnects them, and direct viewer acceptance is rejected; earlier hidden return records are not automatically migrated into foreground storage; native offers are acknowledged only after receiving succeeds. Future approved offers are consumed on foreground status refresh, and receipt/acknowledgement failures retain the offer for retry. Managed local-relay API 36 and API 29 compatibility full flows passed, including first and automatic second return receipt with an empty native offer queue; physical-device acceptance remains pending. Historical 0.1 behavior and regression evidence are retained here. The accepted 0.1.1 peer-bound-return-approval requirement supersedes approval of other viewers merely because they possess the same original link; legacy group-wide approval must not silently authorize unapproved peer identities under the new policy.",0.1
share-lifecycle-history,sharing,Former sent and received share history,Keep separate bounded histories of links the local user revoked or allowed to expire and links peers revoked or allowed to expire; terminal peer notices shall remove the location from active viewing and prevent reuse of that ended link.,tracked,all,layered,src/sharing/privateStore.ts;src/sharing/shareProtocol.ts;src/sharing/sharingRuntime.ts;src/components/ShareListSheet.vue;src/components/FollowingSheet.vue;src/views/MapView.vue;src/android/backgroundSharing.ts;src/sharing/shareLifecycle.ts;src/android/backgroundEntry.ts;src-tauri/plugins/constellation-android/android/src/main/java/space/taskyon/constellation/plugin/EncryptedShareStore.kt;src-tauri/plugins/constellation-android/android/src/main/java/space/taskyon/constellation/plugin/ShareNotification.kt;src-tauri/plugins/constellation-android/android/src/main/java/space/taskyon/constellation/plugin/LocationShareService.kt,"src/sharing/privateStore.test.ts protected history and endpoint persistence;src/sharing/shareLifecycle.test.ts seven-day retention and 32-endpoint bound;src/sharing/shareProtocol.test.ts terminal redemption schema;src/sharing/sharingRuntime.test.ts;tests/p2p-share.spec.ts connected and disconnected revocation history, peer restart, ended endpoint authorization, active-count removal and reuse prevention (.github/workflows/ci.yml browser-regression);yarn test:android:config;Android plugin compileDebugKotlin through project dev shell (2026-10-04);Android notice delivery/restart/expiry device acceptance pending;yarn test:e2e (2026-10-05: 73 passed / 13 existing skips at default six workers);scripts/test-android.mjs --local-share-flow managed API 36 and API 29 compatibility: locked updates, one-click return, automatic second same-link return, no-loop, process recovery, revocation history and shared-text intake;API 29 AOSP/no-GMS scoped flow (2026-10-05);tests/p2p-share.spec.ts revocation during viewer admission regression;yarn test:android:managed final hosted-relay 13-check matrix (2026-10-05: all passed; scoped no-GMS excludes process restart/shared-text)",0.1,Constellation product decisions,"Connected viewers receive explicit revoked or expired stream closes and move the link into Old seeing shares. Sources persist separate Old sharing history and up to 32 encrypted ended-link endpoints for seven days, restoring the original peer identity on restart. An authenticated redemption of an ended link returns its reason and time without creating a session; location and share-back operations remain denied. Ended endpoints collect no locations. Android keeps background notice endpoints running with a notification and an explicit Stop notices action; stopping notices preserves history. The disconnected-viewer regression waits for the encrypted saved-follow record before closing the page so it exercises restoration rather than interrupting an unfinished save. Offline notice delivery requires the source to be running and reachable during retention; there is no always-on tombstone relay and no delivery guarantee beyond seven days or after endpoint eviction. Current Android harness checks active notification keys rather than notification history and verifies expired/final-revoked links retain notice endpoints without collecting new fixes until Stop notices; Updated managed API 36 notification-stop, expiry and multiple-link acceptance passed; stable captive failure plus successful retry passed on 2026-10-05. Earlier AOSP/no-GMS runs had intermittent foreground WebView debugger timeouts without an identified cause. The final hosted-relay scoped flow passed, but a fresh local-relay repeat timed out during share creation with the launcher resumed and a native fatal-signal marker. This failure remains under investigation; the harness now reports only allowlisted crash process, signal, library and failure categories. No-GMS process-restart/shared-text coverage remains outside this scoped flow. Immediate revocation during admission previously arrived before the viewer installed its terminal-message receiver. The viewer now buffers a validated terminal message during redemption and activates reception before sensor setup. The focused browser test reproduced an active follow without history before the fix and now passes with revoked status and retained ended history. Hosted API 29 process-recovery revocation failed before the admission fix; local API 29 passed, and the final hosted-relay matrix now passes the API 29 and API 36 process-recovery revocation checks. Failed creation while only revocation notices remain must preserve their endpoints and history; scripts/test-android.mjs extended captive smoke reproduces notice count loss before the canonical background status projection fix; The freshly rebuilt API 36 captive regression passed on 2026-10-05 with both notice endpoints and ended-history entries retained. Planned 0.1.1 map-terminal-location-removal adds explicit rendered-map coverage for immediate terminal removal, including cached received observations. Existing lifecycle/count/history evidence must not be mistaken for a complete map-render assertion.",0.1
transient-status-notices,ui,Transient non-blocking status notices,"Informational and routine status notes shall appear near a screen edge outside the map center and controls, then disappear automatically without requiring dismissal.",tracked,ui,local,src/views/MapView.vue;src/sharing/sharingRuntime.ts;src/styles.css,tests/map-ui.spec.ts status-note placement and six-second dismissal (.github/workflows/ci.yml browser-regression);yarn typecheck;mobile visual check pending,0.1,Constellation product decisions,"The toast sits at the upper-right below the top bar, has bounded width on narrow screens, and clears after six seconds. Persistent share and follow state remains in the corresponding lists rather than in a sticky central message. Browser layout and dismissal are tested; native visual acceptance remains pending. The 0.1.1 peer-list and map-panel layouts must preserve edge placement and six-second dismissal without obscuring peer avatars, dialogs, map controls or the large-uncertainty panel. Existing status text is not replaced with a permanent central overlay.",0.1
android-background-share-status,android,Reliable Android background-share creation and status,"Android foreground-only and background share creation shall return a valid status object, and repeated taps during an in-flight create shall not create duplicate links. A failed native create shall preserve its error when the idle service stops.",tracked,android,adapter,src/views/MapView.vue;src/android/backgroundSharing.ts;src-tauri/plugins/constellation-android/android/src/main/java/space/taskyon/constellation/plugin/ConstellationAndroidPlugin.kt;src-tauri/plugins/constellation-android/android/src/main/java/space/taskyon/constellation/plugin/LocationShareService.kt;src/android/backgroundReturnCommand.ts;src/android/backgroundRuntimeStatus.ts,src/android/backgroundSharing.test.ts;scripts/check-android-config.mjs status normalization and duplicate-create guard;yarn test:android:config (.github/workflows/ci.yml quality);x86_64 Android debug APK build;managed API 36 --foreground-only-smoke and --multiple-source-links-smoke (2026-10-04);physical-device acceptance pending;src/android/backgroundRuntimeStatus.test.ts notice and history retention on failed create (yarn test:unit);src/android/backgroundReturnCommand.test.ts;Android plugin compileDebugKotlin through project dev shell (2026-10-04);scripts/test-android.mjs --captive-transport-smoke stable failure status and active-grant retry and end-notice retention (fresh rebuilt managed API 36 2026-10-05);yarn test:android:managed final hosted-relay 13-check matrix (2026-10-05: all passed; scoped no-GMS excludes process restart/shared-text),0.1,Constellation real-world testing,"The Kotlin bridge normalizes every status-returning command, including the immediate response from starting a share, before returning JSON. The unnormalized start response could be parsed as a failure after the Android service had already started, encouraging a retry; the UI also rejects concurrent share-creation calls while disabling its submit action. The API 36 foreground-only smoke created one link, paused while hidden, and resumed with the same link ID; the multiple-source smoke kept two intentional links distinct while revoking one. Emulator coverage does not replace physical-device acceptance. Return approval and dismissal use correlated completion acknowledgements and reject persistence failures or a 30-second timeout; the UI retains failed offers and allows retry. These new error paths have unit/configuration and Kotlin compilation coverage; device failure-injection acceptance remains pending. Terminal service cleanup ignores queued runtime callbacks, retains its final in-memory result across destruction, and clears location observations instead of overwriting failed creation with stopped; persisted status continues to redact messages and observations. A new explicit create resets the previous terminal result before starting the next service. The extended captive-relay regression reproduces a stale error acknowledgement when a second creation fails while the first grant remains active. Explicit retry now clears only that previous error and preserves active grants, ended history and notification metadata; The rebuilt API 36 native captive regression passed this active-grant retry. The same regression then reproduced a failed creation dropping two pending revocation notices; normal and error reporting now share src/android/backgroundRuntimeStatus.ts so notice counts, ended history and return approvals survive errors. src/android/backgroundRuntimeStatus.test.ts covers notice retention and initialization failure; The freshly rebuilt API 36 full local sharing flow and extended captive-relay regression both passed on 2026-10-05, including the active-grant retry and preservation of two revocation notice endpoints.",0.1
share-existing-link-settings,sharing,Adjust settings on an existing share link,A later release shall let the link owner upgrade or downgrade existing-link publication and sharing settings while preserving the link identity when the selected change is compatible.,planned,all,layered,,,0.3,Constellation product decisions,Settings must be classified by owner. A viewer can reduce the precision shown locally but cannot recover more detail than the publisher sends; increasing disclosed accuracy requires an explicit source-side change. Foreground/background collection belongs to the publishing device and remains subject to host permissions and platform policy. Define which changes preserve the capability and viewer consent before implementation.,0.3
diagnostics-sharing-suite,diagnostics,Runnable real-network sharing diagnostics,"Diagnostics shall offer an executable categorized test catalog with individual/category/all runs, progress, cancellation and copyable results. Disposable synthetic sessions shall test network reachability and paired update delivery, presence, authenticated return sharing, expiry, reconnection and revocation through the production sharing protocol. Android background tests require explicit consent for a temporary real-location share and guided lock/unlock actions. Reports exclude locations, capabilities, peer IDs and addresses and distinguish passed, failed, skipped and cancelled checks.",tracked,all,layered,src/components/SharingDiagnosticsSheet.vue;src/diagnostics/sharingDiagnostics.ts;src/diagnostics/sharingDiagnosticCases.ts;src/diagnostics/diagnosticSession.ts;vendor/taskyon/diagnostics,src/diagnostics/sharingDiagnostics.test.ts;yarn test;tests/sharing-diagnostics.spec.ts browser-regression;physical/native acceptance pending;src/diagnostics/sharingDiagnosticCases.test.ts native consent/evidence and isolated cleanup regressions;vendor/taskyon/diagnostics/src/runner.test.ts cancellation;tests/sharing-diagnostics.spec.ts local-relay lifecycle and expiry;src/diagnostics/diagnosticSession.test.ts aborted matching-state wait;tests/sharing-diagnostics.spec.ts guided batch fresh-link prompt/cancellation,0.1,Constellation product decisions;Taskyon diagnostics runner;Syncpeer DiagnosticsPage,"Uses the extracted upstream Taskyon runner and Syncpeer-style categorized interaction. Synthetic sessions keep private state only in memory and close on finish/cancellation; each paired case requires a fresh invitation. Missing partners/platforms and guided cases without opt-in are skipped, not passed. Native test shares are explicit and temporary; unrelated native shares are preserved. Real-network/NAT and physical Android outcomes must be collected by users; CI covers local-relay browser pairing. Raw exception details are omitted from copied results. Native fixtures verify cleanup after invalid start status, duplicate creation and cancellation, preserving concurrent unrelated links; cleanup attempts every owned link. A guided lock check without timestamped hidden-fix evidence skips. Guided reconnect and physical lock/update acceptance remain external checks; controlled phases help identify failed steps without raw errors. Guided batch runs wait for a fresh partner invitation before creating the next joining session and await preceding session cleanup. The Android test uses a normal finite service share and normal revocation/history retention.",0.1
release-0-1-1-product-acceptance,meta,Peer-focused 0.1.1 acceptance,"Release 0.1.1 shall harden browser QR scanning; provide a unified expandable peer list with name initials, direction filters and explicit per-peer name consent; send share-back directly without a second QR; bind remembered return approval to the approved peer; require source approval for single-recipient admission; remove terminal locations immediately; provide configurable map clusters, an oversized-uncertainty peer panel and a private generic social preview.",planned,all,local,,"Pending: focused unit/browser regressions, cross-client approval and return tests, mobile camera and responsive visual acceptance",0.1.1,Constellation product planning (2026-10-06),"The release label is 0.1.1, not 1.1. Co-movement list groups and public upstream dependency migration are 0.2; spaceship identicons are 0.2.1. Existing 0.1 QR, history, notices and SVG-control evidence remains historical; these new acceptance criteria are not implemented by this catalog update.",0.1.1
browser-qr-capture-hardening,sharing,Reliable browser camera QR decoding,A browser camera scanner displaying a Constellation QR shall decode it and enter the same validated location-preview flow as a pasted link; a live preview without successful decoding shall not be considered scanner acceptance.,planned,web,layered,src/components/QrScannerSheet.vue;src/views/MapView.vue,Pending: tests/p2p-share.spec.ts generated camera-frame decoding regressions; physical mobile-browser capture,0.1.1,Constellation product planning (2026-10-06),"Reproduce the physical-camera report before choosing a decode-pipeline fix. Cover resolution, QR density/scale, orientation and normal camera frames with generated synthetic codes; preserve secure-context requirements, paste fallback, single acceptance and media-track cleanup. Synthetic coverage does not replace real phone-browser capture.",0.1.1
peer-pairwise-identity-association,identity,Optional private association of reciprocal peer identities,"Peers shall retain separate per-link cryptographic identities while optionally associating an authenticated, accepted share-back identity with the known peer locally; unrelated links shall not be correlated into a public global identity.",planned,all,layered,src/sharing/shareLink.ts;src/sharing/sharingRuntime.ts;src/sharing/privateStore.ts,"Pending: signed pair association, consent refusal, encrypted restoration and unrelated-link isolation",0.1.1,Constellation product planning (2026-10-06),"Association is opt-in and uses the existing authenticated session and signed return-owner binding, not a transferable URL identifier alone. Protect local association metadata in encrypted storage. Position similarity, shared names and map clustering do not prove identity and never merge principals or permissions. Identity association consent is distinct from name disclosure.",0.1.1
peer-name-consent-sync,privacy,Explicit per-peer name sharing and synchronization,"A chosen display name shall remain private by default and be sent or synchronized across a known authenticated peer relationship only after explicit local opt-in for that peer; each direction requires its own consent, and local nicknames shall remain private.",planned,all,layered,src/sharing/sharingRuntime.ts;src/sharing/privateStore.ts;src/sharing/shareProtocol.ts,"Pending: default no-name disclosure, independent directional opt-in, paired name updates and local nickname isolation",0.1.1,Constellation product planning (2026-10-06),"Known peer associations may reuse an opted-in advertised name across their Sharing and Seeing records. A receiver-local nickname takes display precedence but is never sent. Optional per-link source labels remain separately explicit. A share-back acceptance or identity association does not imply permission to disclose a name; avoid names in share fragments, logs and social previews.",0.1.1
unified-peer-list,ui,Combined expandable list of peers,"Sharing and Seeing shall open one common peer list whose primary row is an avatar plus displayed peer name; each row shall expand to show relationship, link, freshness, permission and control details, with filters for All, Sharing only, Viewing only and Both.",planned,ui,local,src/views/MapView.vue;src/components/ShareListSheet.vue;src/components/FollowingSheet.vue,"Pending: peer-first rows, direction filters, expandable details, independent link actions, histories and keyboard/mobile interaction",0.1.1,Constellation product planning (2026-10-06),"Group reciprocal records only through verified, consented local peer association; a matching name or location does not deduplicate identities. Keep every underlying link independently actionable, including viewer block, focus, share-back, revocation and old sent/received histories. Both means an active reciprocal relationship; terminal-only records remain available in history.",0.1.1
peer-name-initial-avatars,ui,Name-based initials avatars,"Each peer shall have a compact avatar showing one or two letters derived from its displayed name, using the visual treatment of the logged-in Taskyon account icon as the reference.",planned,ui,local,,"Pending: name/nickname and unnamed fallback, one/two-letter output, non-Latin names, accessible labels and responsive rendering",0.1.1,Constellation product planning (2026-10-06),"Reference: Taskyon dev.taskyon.space src/components/account/AccountButton.vue and src/modules/auth/supabase.ts. The existing Taskyon letter helper takes an email local part; Constellation must derive initials from displayed names without requiring email or account disclosure. Local nickname precedes an explicitly shared name; unnamed peers use a neutral fallback. Initials are presentation, not a cryptographic identity proof; spaceship identicons are deferred to 0.2.1.",0.1.1
share-back-direct-presentation,sharing,Direct return share without a QR,"Creating a share-back shall send the signed return offer directly to the original source without generating or presenting another QR; retain one-time prompting, no-loop behavior and an explicit source message describing that the known viewer wants to share their location back.",planned,all,layered,src/views/MapView.vue;src/components/ShareReadySheet.vue;src/sharing/sharingRuntime.ts,"Pending: no return QR creation/display, signed direct delivery, source-specific wording, retries, once-only prompt and loop suppression",0.1.1,Constellation product planning (2026-10-06),"Use the existing return transport and owner proof. A failed delivery remains retryable; any manual-link fallback must be explicit, with copy/share actions and no automatic QR generation. Normal outgoing link creation may still show a QR. This changes return presentation, not the current approximate one-hour default.",0.1.1
peer-bound-return-approval,security,Remembered return consent bound to one peer,"After accepting a return share, the source may automatically accept subsequent authenticated returns from that approved peer identity in the authorized relationship; another viewer of the same original link shall require separate approval.",planned,all,layered,src/sharing/sharingRuntime.ts;src/sharing/privateStore.ts;src/android/backgroundEntry.ts;src/android/backgroundReturnShares.ts,"Pending: same-peer replay/reconnect, different viewers of the same link, forged owner proof, legacy approval migration, queued offers and Android handoff",0.1.1,Constellation product planning (2026-10-06),Supersedes share-back-group-approval for 0.1.1. Cryptographically bind approval to the verified peer and original relationship rather than original share ID alone. Persist approval before receiving locations; queued offers from other peers remain pending. Legacy group-wide approvals must not silently widen consent after upgrade. Keep foreground and Android background approval paths consistent and retry-safe.,0.1.1
single-recipient-peer-approval,security,Approved peer access for a single recipient,"A link intended for one recipient shall serve as an invitation requiring source approval of the authenticated recipient peer before location access; admission and reconnection shall be bound to that approved peer identity, and a new identity using a forwarded invitation shall not silently gain access.",planned,all,layered,src/sharing/shareAuth.ts;src/sharing/shareProtocol.ts;src/sharing/sharingRuntime.ts;src/sharing/privateStore.ts,"Pending: no location before approval, forwarded invite with fresh identity after disconnect, approved reconnect, revocation, concurrency and old-client fail-closed behavior",0.1.1,Constellation product planning (2026-10-06),"A viewer-capacity limit alone does not stop reuse after disconnect. Existing nonce-bound HMAC redemption and signed return proofs are building blocks, not proof that the intended human owns a key. Random correlation values included in URLs can be copied; do not treat IP or device changes as identity proof. A recipient who copies private credentials, forwards received coordinates or relays updates cannot be distinguished or prevented reliably by this boundary. Multi-viewer Star behavior remains a distinct source-selected scope; approval must not be inferred from group membership.",0.1.1
link-actions-icon-only,ui,Adjacent share and copy icon controls,"Link presentation shall offer adjacent, centered Lucide SVG icon-only controls for copying a link and opening the system share surface, with accessible names and tooltips rather than visible text labels.",planned,ui,local,src/components/ShareReadySheet.vue;src/styles.css,"Pending: copy/share availability, accessible button names, SVG centering and mobile touch targets",0.1.1,Constellation product planning (2026-10-06),Use the existing @lucide/vue package. Keep Copy independently available; show system Share only when supported and preserve explicit error/cancellation handling. Recheck all close and icon-only button centering across phone and desktop layouts.,0.1.1
qr-ready-sheet-controls,ui,QR presentation without a stop-sharing action,"The outgoing link QR-ready sheet shall show the QR, link and sharing actions without a Stop sharing button; revocation shall remain reachable in active share details.",planned,ui,local,src/components/ShareReadySheet.vue;src/views/MapView.vue,"Pending: QR-ready controls, close without revocation and revocation from peer/link details",0.1.1,Constellation product planning (2026-10-06),"This refers to ShareReadySheet, which displays the QR for others to scan, not QrScannerSheet, which already has no Stop sharing action. Closing the QR presentation does not revoke the link.",0.1.1
map-terminal-location-removal,maps,Immediate map removal after a share ends,"On receipt of an authenticated revoked or expired terminal notice, remove that link’s location from map features, clusters, avatar grids, large-area panels and focus targets immediately while retaining its ended-share history.",planned,all,layered,src/views/MapView.vue;src/components/LocationMap.vue;src/sharing/sharingRuntime.ts,"Pending: rendered marker/area removal, retained received cache, clustered/large-area members, other active links, history and sparse-update non-terminal state",0.1.1,Constellation product planning (2026-10-06),"Immediate means on local processing of a received terminal notice, not guaranteed delivery to an offline viewer. Filter map projection by active follows and verify received-state cleanup at the owning runtime boundary; the existing received-location projection alone does not establish an observed defect. Sparse updates or temporary transport loss must not be treated as revocation. A peer with another independently active link remains visible.",0.1.1
location-link-social-preview,sharing,Constellation social sharing preview,The hosted location-link page shall expose a recognizable generic Constellation location-sharing image and Open Graph/social-card metadata so messenger and social-media previews clearly identify the app.,planned,web,local,index.html;scripts/prepare-pages.mjs;scripts/pages-preflight.mjs,Pending: public metadata/image paths in built Pages output and manual messenger/social preview,0.1.1,Constellation product planning (2026-10-06),"Use public static branding and plain location-sharing text with the established palette. Include no recipient names, coordinates, map traces or capabilities. Fragment capabilities are not available to preview crawlers; metadata and assets must work at the public Pages base URL without requiring a peer connection.",0.1.1
map-visual-clusters,maps,Zoom-dependent peer clusters and enclosing uncertainty,The map shall visually cluster peers when avatar markers collide in screen space or their uncertainty disks meet a configurable overlap threshold; show member avatars in a grid with one combined uncertainty circle enclosing every member disk.,planned,all,local,src/location/mapModel.ts;src/components/LocationMap.vue;src/views/MapView.vue,"Pending: screen-space collisions, overlap thresholds, zoom/resize split and merge, enclosing-circle containment, member preservation and terminal removal",0.1.1,Constellation product planning (2026-10-06),"Presentation only: preserve all peer/link identities, colors, name-consent boundaries and independent actions. Default area overlap is 90% intersection over union, avoiding a small exact region being equated with a large containing region. Marker collision uses current rendered avatar bounds. Recompute on zoom, movement, resize and terminal removal. Never average member regions into a more precise disclosure. Oversized disks are handled by map-oversized-uncertainty-panel; sufficiently precise, separable peers remain individual. Initials apply in 0.1.1; spaceship icons follow in 0.2.1.",0.1.1
map-oversized-uncertainty-panel,maps,Peer stack for uncertainty larger than the view,A peer whose disclosed uncertainty circle intersects the current map view and becomes larger than the viewport shall appear in a compact Peers around this area stack/grid instead of a misleading center marker and oversized map circle.,planned,ui,local,src/components/LocationMap.vue;src/location/mapModel.ts;src/views/MapView.vue,"Pending: viewport-size boundaries, region intersection, zoom/pan/resize transitions, multiple peers, details and terminal removal",0.1.1,Constellation product planning (2026-10-06),"Compare projected disk diameter with viewport dimensions, not physical radius alone. Place the panel along the left edge with responsive phone treatment and individual avatar/name entries that open peer details. Hide the corresponding circle and center marker; do not imply an exact position. Re-evaluate on zoom, pan, resize and updates; offscreen regions do not populate the panel. Keep panel actions, notices and map controls clear of one another.",0.1.1
map-cluster-settings,ui,Configurable local map decluttering,"Local settings shall enable or disable map visual grouping and independently configure marker-collision and uncertainty-overlap grouping, including the overlap threshold and screen-space collision sensitivity.",planned,ui,local,,"Pending: preference persistence, independent criteria toggles, threshold changes and unchanged grants/precision",0.1.1,Constellation product planning (2026-10-06),"Enable both criteria by default using either-condition behavior, with 90% disk intersection-over-union and actual avatar collision as starting defaults. Persist preferences locally and apply them immediately without changing location disclosure or peer authorization. Oversized-circle peer presentation remains distinct from inferred co-movement list groups.",0.1.1
peer-list-co-movement-groups,ui,Optional local co-movement list groups,"The peer list may group independently identified peers after sustained proximity, enabled by default with a configurable starting radius of 50 metres and duration of 10 minutes; only observations precise and fresh enough to support that distance shall qualify.",planned,ui,local,,"Pending: synthetic timed proximity, uncertainty/freshness rejection, divergence, disable/reconfigure, independent member actions and no coordinate persistence",0.2,Constellation product planning (2026-10-06),"This is a local presentation inference, not proof of identity or membership. Keep every member and link individually actionable; split when supported observations diverge and remove ended links immediately. Pause/reset candidate evidence on stale or insufficiently precise fixes. Broad approximate areas can be grouped visually on the map but must not prove 50-metre co-movement. Persist local settings without durable received-coordinate traces or announcing inferred groups to peers. Radius and duration are configurable; list grouping can be disabled.",0.2
upstream-public-taskyon-dependencies,dependencies,Pinned subpackages from public Taskyon source,"Replace copied Taskyon snapshots with independently consumable subpackages from the public Taskyon GitHub repository, pinned to exact upstream revisions, while preserving standalone installation and builds.",planned,build,native,package.json;yarn.lock;vendor/taskyon/UPSTREAM.md,"Pending: clean public-source installation, exact revision provenance, standalone CI builds, vendor replacement and package-boundary checks",0.2,Constellation product planning (2026-10-06),"Keep package ownership in Taskyon and reuse the existing Yarn package manager. Include currently consumed protocol, p2p-core and diagnostics packages and prepare spaceship consumption. Push all required upstream fixes, versions and package metadata to public GitHub before updating the Constellation pin; never pin private or unpushed worktree changes or a moving branch. Validate public subpackage installability and workspace dependency closure before migration. Package preparation may occur inside the Taskyon monorepo without extracting a separate library repository. Preserve license/provenance and lockfile reproducibility.",0.2
peer-spaceship-identicons,identity,Taskyon spaceship peer identicons,"Peers shall optionally display deterministic spaceship identicons derived from their cryptographic peer identity, reusing the generator owned by the public Taskyon spaceships subpackage.",planned,all,layered,,"Pending: determinism for pinned seed/version, identity change visibility, pairwise/per-link separation, safe rendering and public-package installability",0.2.1,Constellation product planning (2026-10-06),"Reference: Taskyon packages/spaceships. Use the same versioned algorithm/library with a pinned upstream source; do not fork or copy the generator. The current package is private and its UI/cache depends on Taskyon-only workspace packages, so upstream installability and a suitable rendering boundary are prerequisites. Names/initials remain available. Identicons aid recognition and fingerprint comparison, but neither an image nor an unverified public key proves a person’s real-world identity; preserve per-link and consented pairwise privacy.",0.2.1
